author/0/name,author/1/name,author/2/name,author/3/name,author/4/name,author/5/name,citekey,collection,id,journal/name,journal/volume,journal/number,journal/pages,sections/0,sections/1,sections/2,sections/3,summarized,summarizer,title,type,use_image,year,sections/4,booktitle,editor/0/name/name,editor/0/name/ID,editor/1/name/name,editor/1/name/ID,pages,publisher/name,series,volume,organization,address,publisher/address,editor/2/name/name,editor/2/name/ID,howpublished,note,school,number,author/6/name,author/7/name,journal/month,author/0/@pid,author/0/text,author/1/@pid,author/1/text,author/2/@pid,author/2/text,doi,new_paper,url,author/3/@pid,author/3/text,author/4/@pid,author/4/text,author/5/@pid,author/5/text,author/6/@pid,author/6/text
"Kruiger, Johannes F.","Rauber, Paulo E.","Martins, Rafael Messias","Kerren, Andreas","Kobourov, Stephen G.","Telea, Alexandru C.",DBLP:journals/cgf/KruigerRMKKT17,bibtex,DBLP:journals/cgf/KruigerRMKKT17,Comput. Graph. Forum,36,3,283--294,GL by DR,local,Euclidean,SuiteSparse,FALSE,Jacob,Graph Layouts by t-SNE,article,FALSE,2017,,,,,,,,,,,,,,,,,,,,,,,,,,,,,,,,,,,,,,,
"Zheng, Jonathan X.","Pawar, Samraat","Goodman, Dan F. M.",,,,DBLP:journals/tvcg/ZhengPG19,bibtex,DBLP:journals/tvcg/ZhengPG19,IEEE Trans. Vis. Comput. Graph.,25,9,2738--2748,GL by DR,global,Euclidean,SuiteSparse,FALSE,unassigned,Graph Drawing by Stochastic Gradient Descent,article,FALSE,2019,,,,,,,,,,,,,,,,,,,,,,,,,,,,,,,,,,,,,,,
"Wattenberg, Martin","Viégas, Fernanda","Johnson, Ian",,,,wattenberg2016how,bibtex,wattenberg2016how,,,,,DR,t-sne,no graph,Euclidean,FALSE,unassigned,How to Use t-SNE Effectively,article,FALSE,2016,,,,,,,,,,,,,,,,,,,,,,,,,,,,,,,,,,,,,,,
"Kamada, Tomihisa","Kawai, Satoru",,,,,DBLP:journals/ipl/KamadaK89,bibtex,DBLP:journals/ipl/KamadaK89,Inf. Process. Lett.,31,1,7--15,classic,GL by DR,global,Euclidean,FALSE,unassigned,An Algorithm for Drawing General Undirected Graphs,article,FALSE,1989,small graphs,,,,,,,,,,,,,,,,,,,,,,,,,,,,,,,,,,,,,,
"Zhu, Minfeng","Chen, Wei","Hu, Yuanzhe","Hou, Yuxuan","Liu, Liangjun","Zhang, Kaiyuan",DBLP:journals/tvcg/ZhuCHHLZ21,bibtex,DBLP:journals/tvcg/ZhuCHHLZ21,IEEE Trans. Vis. Comput. Graph.,27,2,1666--1676,GL by DR,local,Euclidean,SuiteSparse,FALSE,unassigned,"DRGraph: An Efficient Graph Layout Algorithm for Large-scale Graphs
by Dimensionality Reduction",article,FALSE,2021,,,,,,,,,,,,,,,,,,,,,,,,,,,,,,,,,,,,,,,
"Devkota, Sabin","Ahmed, Abu Reyan","Luca, Felice De","Isaacs, Katherine E.","Kobourov, Stephen G.",,DBLP:conf/gd/DevkotaALIK19,bibtex,DBLP:conf/gd/DevkotaALIK19,,,,,simultaneous optimization,euclidean,,,FALSE,unassigned,Stress-Plus-X (SPX) Graph Layout,inproceedings,FALSE,2019,,"Graph Drawing and Network Visualization - 27th International Symposium,
GD 2019","Archambault, Daniel",ArchambaultDaniel,"Tóth, Csaba D.",TóthCsabaD,291--304,Springer,Lecture Notes in Computer Science,11904,,,,,,,,,,,,,,,,,,,,,,,,,,,,,
"Ahmed, Reyan","De Luca, Felice","Devkota, Sabin","Kobourov, Stephen G","Li, Mingwei",,DBLP:conf/gd/AhmedLDKL20,bibtex,DBLP:conf/gd/AhmedLDKL20,IEEE Transactions on Visualization and Computer Graphics,,,1--1,simultaneous optimization,euclidean,,,FALSE,unassigned,"Multicriteria Scalable Graph Drawing via Stochastic Gradient Descent, $(SGD)^2$",article,FALSE,2022,,,,,,,,,,,,,,,,,,,,,,,,,,,,,,,,,,,,,,,
"Noack, Andreas",,,,,,noack2003energy,bibtex,noack2003energy,,,,,FDA,local,euclidean,,FALSE,unassigned,An energy model for visual graph clustering,inproceedings,FALSE,2003,,International symposium on graph drawing,,,,,425--436,,,,Springer,,,,,,,,,,,,,,,,,,,,,,,,,,,,
"Brandes, Ulrik","Pich, Christian",,,,,DBLP:conf/gd/BrandesP06,bibtex,DBLP:conf/gd/BrandesP06,,,,,GL by DR,PMDS,initialization,large graphs,FALSE,unassigned,"Eigensolver Methods for Progressive Multidimensional Scaling of Large
Data",inproceedings,FALSE,2006,,"Graph Drawing, 14th International Symposium, GD 2006,  Revised Papers","Kaufmann, Michael",KaufmannMichael,"Wagner, Dorothea",WagnerDorothea,42--53,Springer,Lecture Notes in Computer Science,4372,,,,,,,,,,,,,,,,,,,,,,,,,,,,,
"Tamassia, Roberto",,,,,,tamassia2013handbook,bibtex,tamassia2013handbook,,,,,survey,GL,,,FALSE,unassigned,Handbook of graph drawing and visualization,book,FALSE,2013,,,,,,,,CRC press,,,,,,,,,,,,,,,,,,,,,,,,,,,,,,,
"Fruchterman, Thomas M. J.","Reingold, Edward M.",,,,,DBLP:journals/spe/FruchtermanR91,bibtex,DBLP:journals/spe/FruchtermanR91,Softw. Pract. Exp.,21,11,1129--1164,FDA,euclidean,classic,,FALSE,unassigned,Graph Drawing by Force-directed Placement,article,FALSE,1991,,,,,,,,,,,,,,,,,,,,,,,,,,,,,,,,,,,,,,,
"Purchase, Helen C.",,,,,,DBLP:journals/vlc/Purchase02,bibtex,DBLP:journals/vlc/Purchase02,J. Vis. Lang. Comput.,13,5,501--516,metrics,evaluation,euclidean,,FALSE,unassigned,Metrics for Graph Drawing Aesthetics,article,FALSE,2002,,,,,,,,,,,,,,,,,,,,,,,,,,,,,,,,,,,,,,,
"Lee, Bongshin","Plaisant, Catherine","Parr, Cynthia Sims","Fekete, Jean-Daniel","Henry, Nathalie",,10.1145/1168149.1168168,bibtex,10.1145/1168149.1168168,,,,,taxonomy,,,,FALSE,unassigned,Task Taxonomy for Graph Visualization,inproceedings,FALSE,2006,,Proceedings of the 2006 AVI Workshop on BEyond Time and Errors: Novel Evaluation Methods for Information Visualization,,,,,1--5,Association for Computing Machinery,BELIV '06,,,"New York, NY, USA","New York, NY, USA",,,,,,,,,,,,,,,,,,,,,,,,,,
"Frey, DF","Pimentel, RA",,,,,frey1978principal,bibtex,frey1978principal,,,,,DR,PCA,,,FALSE,unassigned,Principal component analysis and factor analysis,article,FALSE,1978,,,,,,,,,,,,,,,,,,,,,,,,,,,,,,,,,,,,,,,
"Espadoto, Mateus","Martins, Rafael Messias","Kerren, Andreas","Hirata, Nina S. T.","Telea, Alexandru C.",,DBLP:journals/tvcg/EspadotoMKHT21,bibtex,DBLP:journals/tvcg/EspadotoMKHT21,IEEE Trans. Vis. Comput. Graph.,27,3,2153--2173,survey,DR,,,FALSE,unassigned,Toward a Quantitative Survey of Dimension Reduction Techniques,article,FALSE,2021,,,,,,,,,,,,,,,,,,,,,,,,,,,,,,,,,,,,,,,
"Van der Maaten, Laurens","Hinton, Geoffrey",,,,,van2008visualizing,bibtex,van2008visualizing,Journal of machine learning research,9,11,,tsne,DR,,,FALSE,unassigned,Visualizing data using t-SNE.,article,FALSE,2008,,,,,,,,,,,,,,,,,,,,,,,,,,,,,,,,,,,,,,,
"Shepard, Roger N",,,,,,shepard1962analysis,bibtex,shepard1962analysis,Psychometrika,27,2,125--140,mds,dr,,,FALSE,unassigned,The analysis of proximities: multidimensional scaling with an unknown distance function. I.,article,FALSE,1962,,,,,,,,,,,,,,,,,,,,,,,,,,,,,,,,,,,,,,,
"Kruskal, Joseph B",,,,,,kruskal1964multidimensional,bibtex,kruskal1964multidimensional,Psychometrika,29,1,1--27,mds,dr,,,FALSE,unassigned,Multidimensional scaling by optimizing goodness of fit to a nonmetric hypothesis,article,FALSE,1964,,,,,,,,,,,,,,,,,,,,,,,,,,,,,,,,,,,,,,,
"Torgerson, Warren S",,,,,,torgerson1952multidimensional,bibtex,torgerson1952multidimensional,Psychometrika,17,4,401--419,mds,dr,,,FALSE,unassigned,Multidimensional scaling: I. Theory and method,article,FALSE,1952,,,,,,,,,,,,,,,,,,,,,,,,,,,,,,,,,,,,,,,
"Cai, Hongyun","Zheng, Vincent W.","Chang, Kevin Chen-Chuan",,,,DBLP:journals/tkde/CaiZC18,bibtex,DBLP:journals/tkde/CaiZC18,IEEE Trans. Knowl. Data Eng.,30,9,1616--1637,survey,Graph embedding,ML,,FALSE,unassigned,"A Comprehensive Survey of Graph Embedding: Problems, Techniques, and Applications",article,FALSE,2018,,,,,,,,,,,,,,,,,,,,,,,,,,,,,,,,,,,,,,,
"McInnes, Leland","Healy, John",,,,,mcionnes2018umap,bibtex,mcionnes2018umap,CoRR,abs/1802.03426,,,DR,UMAP,,,FALSE,unassigned,"UMAP: Uniform Manifold Approximation and Projection for Dimension
Reduction",article,FALSE,2018,,,,,,,,,,,,,,,,,,,,,,,,,,,,,,,,,,,,,,,
"Watts, Duncan J","Strogatz, Steven H",,,,,watts1998collective,bibtex,watts1998collective,Nature,393,6684,440--442,small-world,hyperbolic,,,FALSE,unassigned,Collective dynamics of ‘small-world’networks,article,FALSE,1998,,,,,,,,,,,,,,,,,,,,,,,,,,,,,,,,,,,,,,,
"Holme, Petter","Kim, Beom Jun",,,,,holme2002growing,bibtex,holme2002growing,Physical review E,65,2,26107,small-world,hyperbolic,,,FALSE,unassigned,Growing scale-free networks with tunable clustering,article,FALSE,2002,,,,,,,,,,,,,,,,,,,,,,,,,,,,,,,,,,,,,,,
"Holland, Paul W","Laskey, Kathryn Blackmond","Leinhardt, Samuel",,,,holland1983stochastic,bibtex,holland1983stochastic,Social networks,5,2,109--137,small-world,hyperbolic,,,FALSE,unassigned,Stochastic blockmodels: First steps,article,FALSE,1983,,,,,,,,,,,,,,,,,,,,,,,,,,,,,,,,,,,,,,,
"Munzner, Tamara",,,,,,DBLP:books/daglib/0034520,bibtex,DBLP:books/daglib/0034520,,,,,visualization,,,,FALSE,unassigned,Visualization Analysis and Design,book,FALSE,2014,,,,,,,,A K Peters,A.K. Peters visualization series,,,,,,,,,,,,,,,,,,,,,,,,,,,,,,
"Nguyen, Quan Hoang","Eades, Peter","Hong, Seok-Hee",,,,DBLP:conf/apvis/NguyenEH13,bibtex,DBLP:conf/apvis/NguyenEH13,,,,,metrics,,,,FALSE,unassigned,On the faithfulness of graph visualizations,inproceedings,FALSE,2013,,"IEEE Pacific Visualization Symposium, PacificVis 2013, February
27 2013-March 1, 2013, Sydney, NSW, Australia","Carpendale, Sheelagh",CarpendaleSheelagh,"Chen, Wei",ChenWei,209--216,IEEE Computer Society,,,,,,"Hong, Seok-Hee",HongSeok-Hee,,,,,,,,,,,,,,,,,,,,,,,,
"Nocaj, Arlind","Ortmann, Mark","Brandes, Ulrik",,,,DBLP:journals/jgaa/NocajOB15,bibtex,DBLP:journals/jgaa/NocajOB15,J. Graph Algorithms Appl.,19,2,595--618,GL,Force-directed,Euclidean,,FALSE,unassigned,"Untangling the Hairballs of Multi-Centered, Small-World Online Social
Media Networks",article,FALSE,2015,,,,,,,,,,,,,,,,,,,,,,,,,,,,,,,,,,,,,,,
"Krioukov, Dmitri","Papadopoulos, Fragkiskos","Kitsak, Maksim","Vahdat, Amin","Boguná, Marián",,krioukov2010hyperbolic,bibtex,krioukov2010hyperbolic,Physical Review E,82,3,36106,Theory,Hyperbolic,,,FALSE,unassigned,Hyperbolic geometry of complex networks,article,FALSE,2010,,,,,,,,,,,,,,,,,,,,,,,,,,,,,,,,,,,,,,,
"Cvetkovski, , Andrej","Crovella, , Mark",,,,,pd-mds,bibtex,pd-mds,,,,,Technique,hyperbolic,,,FALSE,unassigned,Multidimensional scaling in the Poincare disk,misc,FALSE,2016,,,,,,,,,,,,,,,,,,,,,,,,,,,,,,,,,,,,,,,
"Hu, Yifan",,,,,,hu2005efficient,bibtex,hu2005efficient,Mathematica journal,10,1,37--71,GD,FDA,,,FALSE,unassigned,"Efficient, high-quality force-directed graph drawing",article,FALSE,2005,,,,,,,,,,,,,,,,,,,,,,,,,,,,,,,,,,,,,,,
"Barry, Nick",,,,,,hyperbolic-canvas,bibtex,hyperbolic-canvas,,,,,application,hyperbolic,visualization,,FALSE,unassigned,Hyperbolic Canvas Github Page,misc,FALSE,,,,,,,,,,,,,,,,,r̆lhttps://github.com/ItsNickBarry/hyperbolic-canvas,accessed: 2021-06-06,,,,,,,,,,,,,,,,,,,,,,
"Tominski, Christian","Gladisch, Stefan","Kister, Ulrike","Dachselt, Raimund","Schumann, Heidrun",,tominski2017interactive,bibtex,tominski2017interactive,,,,,lens,,,,FALSE,unassigned,Interactive lenses for visualization: An extended survey,inproceedings,FALSE,2017,,Computer Graphics Forum,,,,,173--200,,,36(6),Wiley Online Library,,,,,,,,,,,,,,,,,,,,,,,,,,,,
"Clough, James R","Evans, Tim S",,,,,clough2018,bibtex,clough2018,PloS one,12,11,e0187301,hyperbolic,Technique,application,,FALSE,unassigned,Embedding graphs in Lorentzian spacetime,article,FALSE,2017,,,,,,,,,,,,,,,,,,,,,,,,,,,,,,,,,,,,,,,
"Walter, Jörg","Ontrup, Jörg","Wessling, Daniel","Ritter, Helge",,,walter2003interactive,bibtex,walter2003interactive,,,,,hyperbolic,application,,,FALSE,unassigned,Interactive visualization and navigation in large data collections using the hyperbolic space,inproceedings,FALSE,2003,,Third IEEE International Conference on Data Mining,,,,,355--362,,,,IEEE,,,,,,,,,,,,,,,,,,,,,,,,,,,,
"Zhou, Yuansheng","Sharpee, Tatyana O",,,,,zhou2021hyperbolic,bibtex,zhou2021hyperbolic,Iscience,24,3,102225,hyperbolic,application,Theory,,FALSE,unassigned,Hyperbolic geometry of gene expression,article,FALSE,2021,,,,,,,,,,,,,,,,,,,,,,,,,,,,,,,,,,,,,,,
"Rossi, Ryan A.","Ahmed, Nesreen K.",,,,,nr,bibtex,nr,,,,,graph,,,,FALSE,unassigned,The Network Data Repository with Interactive Graph Analytics and Visualization,inproceedings,FALSE,2015,,AAAI,,,,,,,,,,,,,,,,,,,,,,,,,,,,,,,,,,,,,
"Papadopoulos, Fragkiskos","Krioukov, Dmitri","Boguná, Marián","Vahdat, Amin",,,papadopoulos2010greedy,bibtex,papadopoulos2010greedy,,,,,theory,hyperbolic,,,FALSE,unassigned,Greedy forwarding in dynamic scale-free networks embedded in hyperbolic metric spaces,inproceedings,FALSE,2010,,2010 Proceedings IEEE INFOCOM,,,,,1--9,,,,IEEE,,,,,,,,,,,,,,,,,,,,,,,,,,,,
"Robbins, Herbert","Monro, Sutton",,,,,robbins1951stochastic,bibtex,robbins1951stochastic,,,,,sgd,,,,FALSE,unassigned,A stochastic approximation method,article,FALSE,1951,,,,,,,,,,,,,,,,,,,,,,,,,,,,,,,,,,,,,,,
"De Leeuw, Jan","Mair, Patrick",,,,,de2009multidimensional,bibtex,de2009multidimensional,Journal of statistical software,31,,1--30,euclidean,,,,FALSE,unassigned,Multidimensional scaling using majorization: SMACOF in R,article,FALSE,2009,,,,,,,,,,,,,,,,,,,,,,,,,,,,,,,,,,,,,,,
"Börner, Katy",,,,,,placesandspaces,bibtex,placesandspaces,,,,,spherical,application,,,FALSE,unassigned,,misc,FALSE,2012,,,,,,,,,,,,,,,,,,,,,,,,,,,,,,,,,,,,,,,
"Günther, Ingo",,,,,,worldprocessor,bibtex,worldprocessor,,,,,spherical,application,,,FALSE,unassigned,,misc,FALSE,2007,,,,,,,,,,,,,,,,,,,,,,,,,,,,,,,,,,,,,,,
"Munzner, Tamara",,,,,,munzner2000interactive,bibtex,munzner2000interactive,,,,,hyperbolic,Technique,application,,FALSE,unassigned,Interactive visualization of large graphs and networks,phdthesis,FALSE,2000,,,,,,,,,,,,,,,,,,Stanford University,,,,,,,,,,,,,,,,,,,,,
"Gansner, Emden R","Koren, Yehuda","North, Stephen",,,,gansner2004graph,bibtex,gansner2004graph,,,,,euclidean,,,,FALSE,unassigned,Graph drawing by stress majorization,inproceedings,FALSE,2004,,International Symposium on Graph Drawing,,,,,239--250,,,,Springer,,,,,,,,,,,,,,,,,,,,,,,,,,,,
"Eppstein, David",,,,,,eppstein2021limitations,bibtex,eppstein2021limitations,,,,,theory,hyperbolic,,,FALSE,unassigned,Limitations on Realistic Hyperbolic Graph Drawing,inproceedings,FALSE,2021,,"Graph Drawing and Network Visualization - 29th International Symposium,
GD 2021, Tübingen, Germany, September 14-17, 2021, Revised
Selected Papers","Purchase, Helen C.",PurchaseHelenC,"Rutter, Ignaz",RutterIgnaz,343--357,Springer,Lecture Notes in Computer Science,12868,,,,,,,,,,,,,,,,,,,,,,,,,,,,,
"Lamping, John","Rao, Ramana",,,,,lamping1996the,bibtex,lamping1996the,J. Vis. Lang. Comput.,7,1,33--55,hyperbolic,application,Technique,,FALSE,unassigned,The Hyperbolic Browser: A Focus + Context Technique for Visualizing Large Hierarchies,article,FALSE,1996,,,,,,,,,,,,,,,,,,,,,,,,,,,,,,,,,,,,,,,
"Knuth, Donald Ervin",,,,,,knuth1993stanford,bibtex,knuth1993stanford,,,,,graph,,,,FALSE,unassigned,The Stanford GraphBase: a platform for combinatorial computing,book,FALSE,1993,,,,,,,,AcM Press New York,,1,,,,,,,,,,,,,,,,,,,,,,,,,,,,,
"Belmonte, Nicolas Garcia",,,,,,jit,bibtex,jit,,,,,hyperbolic,application,,,FALSE,unassigned,Javascript InfoVis Toolkit,misc,FALSE,,,,,,,,,,,,,,,,,r̆lhttps://philogb.github.io/jit/demos.html,accessed: 2021-06-06,,,,,,,,,,,,,,,,,,,,,,
"Bou, Bernard",,,,,,treebolic,bibtex,treebolic,,,,,hyperbolic,application,,,FALSE,unassigned,Treebolic2 Webpage,misc,FALSE,,,,,,,,,,,,,,,,,r̆lhttp://treebolic.sourceforge.net/treebolic2/en/index.html,accessed: 2021-06-06,,,,,,,,,,,,,,,,,,,,,,
"Glatzhofer, Michael",,,,,,hyperbolicTOL,bibtex,hyperbolicTOL,,,,,hyperbolic,application,,,FALSE,unassigned,Hyperbolic tree of life,misc,FALSE,,,,,,,,,,,,,,,,,r̆lhttps://hyperbolic-tree-of-life.github.io/,,,,,,,,,,,,,,,,,,,,,,,
"Glatzhofer, Michael",,,,,,Michael2018survey,bibtex,Michael2018survey,,,,,hyperbolic,application,,,FALSE,unassigned,Hyperbolic Browsing,mastersthesis,FALSE,2018,,,,,,,,,,,,,,,,,,"Institute of Interactive Systems and Data Science (ISDS),Graz University of Technology, Austria",,,,,,,,,,,,,,,,,,,,,
"Glatzofer, Michael",,,,,,d3-hypertree,bibtex,d3-hypertree,,,,,hyperbolic,application,,,FALSE,unassigned,d3-hypertree Github page,misc,FALSE,,,,,,,,,,,,,,,,,r̆lhttps://github.com/glouwa/d3-hypertree,accessed: 2021-06-06,,,,,,,,,,,,,,,,,,,,,,
"Hyun, Young",,,,,,walrus2000,bibtex,walrus2000,,,,,hyperbolic,application,,,FALSE,unassigned,,misc,FALSE,2000,,,,,,,,,,,,,,,,r̆lhttps://www.caida.org/catalog/software/walrus/#H2540,Accessed: 2021-06-06,,,,,,,,,,,,,,,,,,,,,,
"Zhang, Songxiao","Kelleher, Adam",,,,,h3py,bibtex,h3py,,,,,hyperbolic,application,,,FALSE,unassigned,H3py Github Page,misc,FALSE,2016,,,,,,,,,,,,,,,,r̆lhttps://github.com/buzzfeed/pyh3,Accessed: 2021-06-06,,,,,,,,,,,,,,,,,,,,,,
"Gibson, Helen","Faith, Joe","Vickers, Paul",,,,gibson2013survey,bibtex,gibson2013survey,Information visualization,12,4-Mar,324--357,survey,GL,,,FALSE,unassigned,A survey of two-dimensional graph layout techniques for information visualisation,article,FALSE,2013,,,,,,,,,,,,,,,,,,,,,,,,,,,,,,,,,,,,,,,
"Miller, Jacob","Huroyan, Vahan","Kobourov, Stephen",,,,miller2023spherical,bibtex,miller2023spherical,,,,,spherical,technique,,,FALSE,unassigned,Spherical Graph Drawing by Multi-dimensional Scaling,inproceedings,FALSE,2023,,"Graph Drawing and Network Visualization: 30th International Symposium, GD 2022, Tokyo, Japan, September 13--16, 2022, Revised Selected Papers",,,,,77--92,,,,Springer,,,,,,,,,,,,,,,,,,,,,,,,,,,,
"Du, Fan","Cao, Nan","Lin, Yu-Ru","Xu, Panpan","Tong, Hanghang",,du2017isphere,bibtex,du2017isphere,,,,,spherical,hyperbolic,user study,,FALSE,unassigned,isphere: Focus+ context sphere visualization for interactive large graph exploration,inproceedings,FALSE,2017,,Proceedings of the 2017 CHI Conference on Human Factors in Computing Systems,,,,,2916--2927,,,,,,,,,,,,,,,,,,,,,,,,,,,,,,,,
"Chen, Kun-Ting","Dwyer, Tim","Bach, Benjamin","Marriott, Kim",,,chen2021sa,bibtex,chen2021sa,,,,,torus,technique,,,FALSE,unassigned,It’s a wrap: Toroidal wrapping of network visualisations supports cluster understanding tasks,inproceedings,FALSE,2021,,Proceedings of the 2021 CHI Conference on Human Factors in Computing Systems,,,,,1--12,,,,,,,,,,,,,,,,,,,,,,,,,,,,,,,,
"Beck, Fabian","Burch, Michael","Diehl, Stephan","Weiskopf, Daniel",,,DBLP:journals/cgf/BeckBDW17,bibtex,DBLP:journals/cgf/BeckBDW17,Comput. Graph. Forum,36,1,133--159,survey,,,,FALSE,unassigned,A Taxonomy and Survey of Dynamic Graph Visualization,article,FALSE,2017,,,,,,,,,,,,,,,,,,,,,,,,,,,,,,,,,,,,,,,
"Wang, Chaoli","Tao, Jun",,,,,DBLP:journals/cgf/WangT17,bibtex,DBLP:journals/cgf/WangT17,Comput. Graph. Forum,36,1,263--287,survey,,,,FALSE,unassigned,Graphs in Scientific Visualization: A Survey,article,FALSE,2017,,,,,,,,,,,,,,,,,,,,,,,,,,,,,,,,,,,,,,,
"Kale, Bharat","Sun, Maoyuan","Papka, Michael E",,,,kale2023state,bibtex,kale2023state,,,,,survey,,,,FALSE,unassigned,The State of the Art in Visualizing Dynamic Multivariate Networks,inproceedings,FALSE,2023,,Computer Graphics Forum,,,,,471--490,,,42,Wiley Online Library,,,,,,,,3,,,,,,,,,,,,,,,,,,,,
"Schöttler, Sarah","Yang, Yalong","Pfister, Hanspeter","Bach, Benjamin",,,DBLP:journals/cgf/SchottlerYPB21,bibtex,DBLP:journals/cgf/SchottlerYPB21,Comput. Graph. Forum,40,6,5--33,survey,,,,FALSE,unassigned,"Visualizing and Interacting with Geospatial Networks: A Survey and
Design Space",article,FALSE,2021,,,,,,,,,,,,,,,,,,,,,,,,,,,,,,,,,,,,,,,
"McGee, Fintan","Ghoniem, Mohammad","Melançon, Guy","Otjacques, Benoît","Pinaud, Bruno",,DBLP:journals/cgf/McGeeGMOP19,bibtex,DBLP:journals/cgf/McGeeGMOP19,Comput. Graph. Forum,38,6,125--149,survey,,,,FALSE,unassigned,The State of the Art in Multilayer Network Visualization,article,FALSE,2019,,,,,,,,,,,,,,,,,,,,,,,,,,,,,,,,,,,,,,,
"Di Bartolomeo, Sara","Crnovrsanin, Tarik","Saffo, David","Dunne, Cody",,,di2023designing,bibtex,di2023designing,,,,,survey,,,,FALSE,unassigned,Designing Computational Evaluations for Graph Layout Algorithms: the State of the Art,article,FALSE,2023,,,,,,,,,,,,,,,,,,,,,,,,,,,,,,,,,,,,,,,
"Börner, Katy","Klavans, Richard","Patek, Michael","Zoss, Angela M.","Biberstine, Joseph R.","Light, Robert P.",borner2012,bibtex,borner2012,PLOS ONE,7,7,1--10,survey,,,,FALSE,unassigned,Design and Update of a Classification System: The UCSD Map of Science,article,FALSE,2012,,,,,,,,,,,,,,,,,,,,"Larivière, Vincent","Boyack, Kevin W.",7,,,,,,,,,,,,,,,,,
"Bonamy, Marthe","Mohar, Bojan","Wesolek, Alexandra",,,,DBLP:conf/gd/BonamyMW20,bibtex,DBLP:conf/gd/BonamyMW20,,,,,spherical,theory,,,FALSE,unassigned,Limiting Crossing Numbers for Geodesic Drawings on the Sphere,inproceedings,FALSE,2020,,"Graph Drawing and Network Visualization - 28th International Symposium,
GD 2020, Vancouver, BC, Canada, September 16-18, 2020, Revised Selected
Papers","Auber, David",AuberDavid,"Valtr, Pavel",ValtrPavel,341--355,Springer,Lecture Notes in Computer Science,12590,,,,,,,,,,,,,,,,,,,,,,,,,,,,,
"Gross, Markus H","Sprenger, Thomas C","Finger, J",,,,gross1997visualizing,bibtex,gross1997visualizing,,,,,spherical,technique,application,,FALSE,unassigned,Visualizing information on a sphere,inproceedings,FALSE,1997,,"Proceedings of VIZ'97: Visualization Conference, Information Visualization Symposium and Parallel Rendering Symposium",,,,,11--16,,,,IEEE,,,,,,,,,,,,,,,,,,,,,,,,,,,,
"Wu, Yingxin","Takatsuka, Masahiro",,,,,wu2006visualizing,bibtex,wu2006visualizing,,,,,spherical,application,,,TRUE,Dhruv,Visualizing multivariate network on the surface of a sphere,inproceedings,FALSE,2006,,Proceedings of the 2006 Asia-Pacific Symposium on Information Visualisation-Volume 60,,,,,77--83,,,,,,,,,,,,,,,,,,,,,,,,,,,,,,,,
"Biedl, Therese",,,,,,DBLP:conf/gd/Biedl22,bibtex,DBLP:conf/gd/Biedl22,,,,,theory,torus,proof,,TRUE,Dhruv,Visibility Representations of Toroidal and Klein-bottle Graphs,inproceedings,FALSE,2022,,"Graph Drawing and Network Visualization - 30th International Symposium,
GD 2022, Tokyo, Japan, September 13-16, 2022, Revised Selected Papers","Angelini, Patrizio",AngeliniPatrizio,"Hanxleden, Reinhard von",HanxledenReinhardvon,404--417,Springer,Lecture Notes in Computer Science,13764,,,,,,,,,,,,,,,,,,,,,,,,,,,,,
"Nobre, Carolina","Meyer, Miriah D.","Streit, Marc","Lex, Alexander",,,DBLP:journals/cgf/NobreMSL19,bibtex,DBLP:journals/cgf/NobreMSL19,Comput. Graph. Forum,38,3,807--832,survey,,,,TRUE,Dhruv,The State of the Art in Visualizing Multivariate Networks,article,TRUE,2019,,,,,,,,,,,,,,,,,,,,,,,,,,,,,,,,,,,,,,,
"Von Landesberger, Tatiana","Kuijper, Arjan","Schreck, Tobias","Kohlhammer, Jörn","van Wijk, Jarke J","Fekete, J-D",von2011visual,bibtex,von2011visual,,,,,survey,large,,,TRUE,Dhruv,Visual analysis of large graphs: state-of-the-art and future research challenges,inproceedings,TRUE,2011,,Computer graphics forum,,,,,1719--1749,,,30,Wiley Online Library,,,,,,,,6,"Fellner, Dieter W",,,,,,,,,,,,,,,,,,,
"Shneiderman, Ben","Dunne, Cody","Sharma, Puneet","Wang, Ping",,,shneiderman2012innovation,bibtex,shneiderman2012innovation,Information Visualization,11,2,87--105,hyperbolic,user study,survey,,TRUE,Dhruv,"Innovation trajectories for information visualizations: Comparing treemaps, cone trees, and hyperbolic trees",article,TRUE,2012,,,,,,,,,,,,,,,,,,,,,,,,,,,,,,,,,,,,,,,
"Furnas, George W.",,,,,,DBLP:conf/chi/Furnas86,bibtex,DBLP:conf/chi/Furnas86,,,,,lens,,,,TRUE,Dhruv,Generalized fisheye views,inproceedings,FALSE,1986,,"Proceedings of the SIGCHI Conference on Human Factors in Computing
Systems, CHI 1886, Boston, Massachusetts, USA, April 13-17, 1986","Mantei, Marilyn M.",ManteiMarilynM,"Orbeton, Peter",OrbetonPeter,16--23,ACM,,,,,,,,,,,,,,,,,,,,,,,,,,,,,,,
"Buja, Andreas","McDonald, John Alan","Michalak, J.","Stuetzle, Werner",,,DBLP:conf/visualization/BujaMMS91,bibtex,DBLP:conf/visualization/BujaMMS91,,,,,lens,,,,TRUE,Dhruv,Interactive Data Visualization Using Focusing and Linking,inproceedings,TRUE,1991,,"2nd IEEE Visualization Conference, IEEE Vis 1991, San Diego, CA,
USA, October 22-25, 1991, Proceedings","Nielson, Gregory M.",NielsonGregoryM,"Rosenblum, Lawrence J.",RosenblumLawrenceJ,156--163,IEEE Computer Society Press,,,,,,,,,,,,,,,,,,,,,,,,,,,,,,,
"Becker, Richard A.","Eick, Stephen G.","Wilks, Allan R.",,,,DBLP:journals/tvcg/BeckerEW95,bibtex,DBLP:journals/tvcg/BeckerEW95,IEEE Trans. Vis. Comput. Graph.,1,1,16--28,GD,,,,TRUE,Dhruv,Visualizing Network Data,article,TRUE,1995,,,,,,,,,,,,,,,,,,,,,,,,,,,,,,,,,,,,,,,
"Yoghourdjian, Vahan","Archambault, Daniel","Diehl, Stephan","Dwyer, Tim","Klein, Karsten","Purchase, Helen C.",DBLP:journals/corr/abs-1809-00270,bibtex,DBLP:journals/corr/abs-1809-00270,CoRR,abs/1809.00270,,,survey,,,,TRUE,Dhruv,"Exploring the Limits of Complexity: A Survey of Empirical Studies
on Graph Visualisation",article,FALSE,2018,,,,,,,,,,,,,,,,,,,,"Wu, Hsiang-Yun",,,,,,,,,,,,,,,,,,,
"Yang, Menglin","Zhou, Min","Li, Zhihao","Liu, Jiahong","Pan, Lujia","Xiong, Hui",DBLP:journals/corr/abs-2202-13852,bibtex,DBLP:journals/corr/abs-2202-13852,CoRR,abs/2202.13852,,,application,hyperbolic,non-visual,,TRUE,Dhruv,Hyperbolic Graph Neural Networks: A Review of Methods and Applications,article,FALSE,2022,,,,,,,,,,,,,,,,,,,,"King, Irwin",,,,,,,,,,,,,,,,,,,
"Yi, Ji Soo","Kang, Youn ah","Stasko, John T.","Jacko, Julie A.",,,DBLP:journals/tvcg/YiKSJ07,bibtex,DBLP:journals/tvcg/YiKSJ07,IEEE Trans. Vis. Comput. Graph.,13,6,1224--1231,theory,,,,TRUE,Dhruv,"Toward a Deeper Understanding of the Role of Interaction in Information
Visualization",article,TRUE,2007,,,,,,,,,,,,,,,,,,,,,,,,,,,,,,,,,,,,,,,
"Shneiderman, Ben",,,,,,DBLP:conf/vl/Shneiderman96,bibtex,DBLP:conf/vl/Shneiderman96,,,,,taxonomy,,,,TRUE,Dhruv,The Eyes Have It: A Task by Data Type Taxonomy for Information Visualizations,inproceedings,TRUE,1996,,"Proceedings of the 1996 IEEE Symposium on Visual Languages, Boulder,
Colorado, USA, September 3-6, 1996",,,,,336--343,IEEE Computer Society,,,,,,,,,,,,,,,,,,,,,,,,,,,,,,,
,,,,,,,,,,,,,spherical,experiment,small,large,TRUE,Dhruv,Fast Spherical Drawing of Triangulations: An Experimental Study of Graph Drawing Tools.,,TRUE,2018,,,,,,,,,,,,,,,,,,,,,,,42/6663,Luca Castelli Aleardi,221/3388,Gaspard Denis,80/5167,Éric Fusy,10.4230/LIPICS.SEA.2018.24,TRUE,https://dblp.org/rec/conf/wea/AleardiDF18,,,,,,,,
,,,,,,,,,,,,,technique,torus,theory,user study,TRUE,Dhruv,Reading Strategies for Graph Visualizations that Wrap Around in Torus Topology.,,TRUE,2023,,,,,,,,,,,,,,,,,,,,,,,67/9300,Kun-Ting Chen,183/8838,Quynh Quang Ngo,119/8784,Kuno Kurzhals,10.48550/ARXIV.2303.17066,TRUE,https://dblp.org/rec/journals/corr/abs-2303-17066,m/KimMarriott,Kim Marriott,21/6679,Tim Dwyer,80/6465,Michael Sedlmair,w/DanielWeiskopf,Daniel Weiskopf
,,,,,,,,,,,,,hyperbolic,visualization,,,FALSE,unassigned,A Modified Double Gyre with Ground Truth Hyperbolic Trajectories for Flow Visualization.,,FALSE,2021,,,,,,,,,,,,,,,,,,,,,,,275/7349,Steve Wolligandt,85/4516,Thomas Wilde,55/499,Christian Rössl,10.1111/CGF.14183,TRUE,https://dblp.org/rec/journals/cgf/WolligandtWRT21,t/HolgerTheisel,Holger Theisel,,,,,,
,,,,,,,,,,,,,theory,spherical,,,FALSE,unassigned,Equilateral Spherical Drawings of Planar Cayley Graphs.,,FALSE,2021,,,,,,,,,,,,,,,,,,,,,,,284/6753,Ming-Hsuan Kang,94/8435,Wu-Hsiung Lin,,,10.7155/JGAA.00551,TRUE,https://dblp.org/rec/journals/jgaa/KangL21,,,,,,,,
,,,,,,,,,,,,,theory,spherical,planar,proof,TRUE,Dhruv,Drawing Graphs on Few Circles and Few Spheres.,,FALSE,2017,,,,,,,,,,,,,,,,,,,,,,,205/2872,Myroslav Kryven,94/2770,Alexander Ravsky,w/AlexanderWolff,Alexander Wolff 0001,10.7155/JGAA.00495,TRUE,https://dblp.org/rec/journals/jgaa/KryvenRW19,,,,,,,,
,,,,,,,,,,,,,matrix-based visualization,application,user study,small,TRUE,Dhruv,Spherule diagrams with graph for social network visualization.,,FALSE,2016,,,,,,,,,,,,,,,,,,,,,,,126/0936,Mithileysh Sathiyanarayanan,65/10492,Donato Pirozzi,,,10.1109/COMSNETS.2016.7439961,TRUE,https://dblp.org/rec/conf/comsnets/Sathiyanarayanan16a,,,,,,,,
,,,,,,,,,,,,,theory,torus,proof,,TRUE,Dhruv,Drawing a disconnected graph on the torus (Extended abstract).,,FALSE,2015,,,,,,,,,,,,,,,,,,,,,,,74/2172,Sergio Cabello,Aug-82,Bojan Mohar,32/4283,Robert Sámal,10.1016/J.ENDM.2015.06.105,TRUE,https://dblp.org/rec/journals/endm/CabelloMS15,,,,,,,,
,,,,,,,,,,,,,spherical,technique,IVR,,TRUE,Dhruv,Spherical layout and rendering methods for immersive graph visualization.,,FALSE,2015,,,,,,,,,,,,,,,,,,,,,,,87/575,Oh-Hyun Kwon,62/5695,Chris Muelder,63/728,Kyungwon Lee,10.1109/PACIFICVIS.2015.7156357,TRUE,https://dblp.org/rec/conf/apvis/KwonMLM15,93/5838,Kwan-Liu Ma,,,,,,
,,,,,,,,,,,,,hyperbolic,application,proof,,TRUE,Dhruv,The visualization of hyperbolic patterns from invariant mapping method.,,TRUE,2012,,,,,,,,,,,,,,,,,,,,,,,30/11042,Peichang Ouyang,14/11042,Dongsheng Cheng,39/4117,Yanhua Cao,10.1016/J.CAG.2011.12.005,TRUE,https://dblp.org/rec/journals/cg/OuyangCCZ12,66/11041,Xiaogen Zhan,,,,,,
,,,,,,,,,,,,,spherical,application,large,undirected,TRUE,Dhruv,Graph embedding on spheres and its application to visualization of information diffusion data.,,FALSE,2012,,,,,,,,,,,,,,,,,,,,,,,26/2033,Kazumi Saito,28/3674,Masahiro Kimura,43/4213,Kouzou Ohara,10.1145/2187980.2188253,TRUE,https://dblp.org/rec/conf/www/SaitoKOM12,Aug-25,Hiroshi Motoda,,,,,,
,,,,,,,,,,,,,hyperbolic,theory,proof,,TRUE,Dhruv,Succinct Greedy Graph Drawing in the Hyperbolic Plane,,TRUE,2008,,,,,,,,,,,,,,,,,,,,,,,e/DEppstein,David Eppstein,g/MichaelTGoodrich,Michael T. Goodrich,,,,TRUE,https://dblp.org/rec/journals/corr/abs-0806-0341,,,,,,,,
,,,,,,,,,,,,,spherical,visualization,,,TRUE,Dhruv,Visualizing a Sphere Eversion.,,FALSE,2004,,,,,,,,,,,,,,,,,,,,,,,28/6557,George K. Francis,54/2253,John M. Sullivan,,,10.1109/TVCG.2004.33,TRUE,https://dblp.org/rec/journals/tvcg/FrancisS04,,,,,,,,
,,,,,,,,,,,,,spherical,application,,,TRUE,Dhruv,Visualization of randomly ordered numeric data sets using spherical self-organizing feature maps.,,TRUE,2003,,,,,,,,,,,,,,,,,,,,,,,41/6390,Archana P. Sangole,93/2506,George K. Knopf,,,10.1016/J.CAG.2003.08.012,TRUE,https://dblp.org/rec/journals/cg/SangoleK03,,,,,,,,
,,,,,,,,,,,,,spherical,planar,,,TRUE,Dhruv,A Graph Drawing Algorithm for Spherical Pictures.,,FALSE,2003,,,,,,,,,,,,,,,,,,,,,,,50/1266,Andrea Donafee,May-63,Carsten Maple,,,10.1109/IV.2003.1217979,TRUE,https://dblp.org/rec/conf/iv/DonafeeM03,,,,,,,,
