,graph_E-q_0,type_E-q_0,E-q_0,correct_E-q_0,trueAnswer_E-q_0,editDist_E-q_0,time_E-q_0,hoverCount_E-q_0,panCount_E-q_0,zoomCount_E-q_0,dblclickCount_E-q_0,resetCount_E-q_0,graph_E-q_2,type_E-q_2,E-q_2,correct_E-q_2,trueAnswer_E-q_2,editDist_E-q_2,time_E-q_2,hoverCount_E-q_2,panCount_E-q_2,zoomCount_E-q_2,dblclickCount_E-q_2,resetCount_E-q_2,graph_E-q_5,type_E-q_5,E-q_5,correct_E-q_5,trueAnswer_E-q_5,editDist_E-q_5,time_E-q_5,hoverCount_E-q_5,panCount_E-q_5,zoomCount_E-q_5,dblclickCount_E-q_5,resetCount_E-q_5,graph_E-q_7,type_E-q_7,E-q_7,correct_E-q_7,trueAnswer_E-q_7,editDist_E-q_7,time_E-q_7,hoverCount_E-q_7,panCount_E-q_7,zoomCount_E-q_7,dblclickCount_E-q_7,resetCount_E-q_7,graph_E-q_9,type_E-q_9,E-q_9,correct_E-q_9,trueAnswer_E-q_9,editDist_E-q_9,time_E-q_9,hoverCount_E-q_9,panCount_E-q_9,zoomCount_E-q_9,dblclickCount_E-q_9,resetCount_E-q_9,graph_E-q_11,type_E-q_11,E-q_11,correct_E-q_11,trueAnswer_E-q_11,editDist_E-q_11,time_E-q_11,hoverCount_E-q_11,panCount_E-q_11,zoomCount_E-q_11,dblclickCount_E-q_11,resetCount_E-q_11,graph_H-q_11,type_H-q_11,H-q_11,correct_H-q_11,trueAnswer_H-q_11,editDist_H-q_11,time_H-q_11,hoverCount_H-q_11,panCount_H-q_11,zoomCount_H-q_11,dblclickCount_H-q_11,resetCount_H-q_11,graph_S-q_11,type_S-q_11,S-q_11,correct_S-q_11,trueAnswer_S-q_11,editDist_S-q_11,time_S-q_11,hoverCount_S-q_11,panCount_S-q_11,zoomCount_S-q_11,dblclickCount_S-q_11,resetCount_S-q_11,graph_E-q_13,type_E-q_13,E-q_13,correct_E-q_13,trueAnswer_E-q_13,editDist_E-q_13,time_E-q_13,hoverCount_E-q_13,panCount_E-q_13,zoomCount_E-q_13,dblclickCount_E-q_13,resetCount_E-q_13,graph_H-q_13,type_H-q_13,H-q_13,correct_H-q_13,trueAnswer_H-q_13,editDist_H-q_13,time_H-q_13,hoverCount_H-q_13,panCount_H-q_13,zoomCount_H-q_13,dblclickCount_H-q_13,resetCount_H-q_13,graph_S-q_13,type_S-q_13,S-q_13,correct_S-q_13,trueAnswer_S-q_13,editDist_S-q_13,time_S-q_13,hoverCount_S-q_13,panCount_S-q_13,zoomCount_S-q_13,dblclickCount_S-q_13,resetCount_S-q_13,graph_E-q_15,type_E-q_15,E-q_15,correct_E-q_15,trueAnswer_E-q_15,editDist_E-q_15,time_E-q_15,hoverCount_E-q_15,panCount_E-q_15,zoomCount_E-q_15,dblclickCount_E-q_15,resetCount_E-q_15,graph_H-q_15,type_H-q_15,H-q_15,correct_H-q_15,trueAnswer_H-q_15,editDist_H-q_15,time_H-q_15,hoverCount_H-q_15,panCount_H-q_15,zoomCount_H-q_15,dblclickCount_H-q_15,resetCount_H-q_15,graph_S-q_15,type_S-q_15,S-q_15,correct_S-q_15,trueAnswer_S-q_15,editDist_S-q_15,time_S-q_15,hoverCount_S-q_15,panCount_S-q_15,zoomCount_S-q_15,dblclickCount_S-q_15,resetCount_S-q_15,graph_E-q_16,type_E-q_16,E-q_16,correct_E-q_16,trueAnswer_E-q_16,editDist_E-q_16,time_E-q_16,hoverCount_E-q_16,panCount_E-q_16,zoomCount_E-q_16,dblclickCount_E-q_16,resetCount_E-q_16,graph_H-q_16,type_H-q_16,H-q_16,correct_H-q_16,trueAnswer_H-q_16,editDist_H-q_16,time_H-q_16,hoverCount_H-q_16,panCount_H-q_16,zoomCount_H-q_16,dblclickCount_H-q_16,resetCount_H-q_16,graph_S-q_16,type_S-q_16,S-q_16,correct_S-q_16,trueAnswer_S-q_16,editDist_S-q_16,time_S-q_16,hoverCount_S-q_16,panCount_S-q_16,zoomCount_S-q_16,dblclickCount_S-q_16,resetCount_S-q_16,graph_H-q_0,type_H-q_0,H-q_0,correct_H-q_0,trueAnswer_H-q_0,editDist_H-q_0,time_H-q_0,hoverCount_H-q_0,panCount_H-q_0,zoomCount_H-q_0,dblclickCount_H-q_0,resetCount_H-q_0,graph_H-q_2,type_H-q_2,H-q_2,correct_H-q_2,trueAnswer_H-q_2,editDist_H-q_2,time_H-q_2,hoverCount_H-q_2,panCount_H-q_2,zoomCount_H-q_2,dblclickCount_H-q_2,resetCount_H-q_2,graph_H-q_5,type_H-q_5,H-q_5,correct_H-q_5,trueAnswer_H-q_5,editDist_H-q_5,time_H-q_5,hoverCount_H-q_5,panCount_H-q_5,zoomCount_H-q_5,dblclickCount_H-q_5,resetCount_H-q_5,graph_H-q_7,type_H-q_7,H-q_7,correct_H-q_7,trueAnswer_H-q_7,editDist_H-q_7,time_H-q_7,hoverCount_H-q_7,panCount_H-q_7,zoomCount_H-q_7,dblclickCount_H-q_7,resetCount_H-q_7,graph_H-q_9,type_H-q_9,H-q_9,correct_H-q_9,trueAnswer_H-q_9,editDist_H-q_9,time_H-q_9,hoverCount_H-q_9,panCount_H-q_9,zoomCount_H-q_9,dblclickCount_H-q_9,resetCount_H-q_9,graph_E-q_11,type_E-q_11,E-q_11,correct_E-q_11,trueAnswer_E-q_11,editDist_E-q_11,time_E-q_11,hoverCount_E-q_11,panCount_E-q_11,zoomCount_E-q_11,dblclickCount_E-q_11,resetCount_E-q_11,graph_H-q_11,type_H-q_11,H-q_11,correct_H-q_11,trueAnswer_H-q_11,editDist_H-q_11,time_H-q_11,hoverCount_H-q_11,panCount_H-q_11,zoomCount_H-q_11,dblclickCount_H-q_11,resetCount_H-q_11,graph_S-q_11,type_S-q_11,S-q_11,correct_S-q_11,trueAnswer_S-q_11,editDist_S-q_11,time_S-q_11,hoverCount_S-q_11,panCount_S-q_11,zoomCount_S-q_11,dblclickCount_S-q_11,resetCount_S-q_11,graph_E-q_13,type_E-q_13,E-q_13,correct_E-q_13,trueAnswer_E-q_13,editDist_E-q_13,time_E-q_13,hoverCount_E-q_13,panCount_E-q_13,zoomCount_E-q_13,dblclickCount_E-q_13,resetCount_E-q_13,graph_H-q_13,type_H-q_13,H-q_13,correct_H-q_13,trueAnswer_H-q_13,editDist_H-q_13,time_H-q_13,hoverCount_H-q_13,panCount_H-q_13,zoomCount_H-q_13,dblclickCount_H-q_13,resetCount_H-q_13,graph_S-q_13,type_S-q_13,S-q_13,correct_S-q_13,trueAnswer_S-q_13,editDist_S-q_13,time_S-q_13,hoverCount_S-q_13,panCount_S-q_13,zoomCount_S-q_13,dblclickCount_S-q_13,resetCount_S-q_13,graph_E-q_15,type_E-q_15,E-q_15,correct_E-q_15,trueAnswer_E-q_15,editDist_E-q_15,time_E-q_15,hoverCount_E-q_15,panCount_E-q_15,zoomCount_E-q_15,dblclickCount_E-q_15,resetCount_E-q_15,graph_H-q_15,type_H-q_15,H-q_15,correct_H-q_15,trueAnswer_H-q_15,editDist_H-q_15,time_H-q_15,hoverCount_H-q_15,panCount_H-q_15,zoomCount_H-q_15,dblclickCount_H-q_15,resetCount_H-q_15,graph_S-q_15,type_S-q_15,S-q_15,correct_S-q_15,trueAnswer_S-q_15,editDist_S-q_15,time_S-q_15,hoverCount_S-q_15,panCount_S-q_15,zoomCount_S-q_15,dblclickCount_S-q_15,resetCount_S-q_15,graph_E-q_16,type_E-q_16,E-q_16,correct_E-q_16,trueAnswer_E-q_16,editDist_E-q_16,time_E-q_16,hoverCount_E-q_16,panCount_E-q_16,zoomCount_E-q_16,dblclickCount_E-q_16,resetCount_E-q_16,graph_H-q_16,type_H-q_16,H-q_16,correct_H-q_16,trueAnswer_H-q_16,editDist_H-q_16,time_H-q_16,hoverCount_H-q_16,panCount_H-q_16,zoomCount_H-q_16,dblclickCount_H-q_16,resetCount_H-q_16,graph_S-q_16,type_S-q_16,S-q_16,correct_S-q_16,trueAnswer_S-q_16,editDist_S-q_16,time_S-q_16,hoverCount_S-q_16,panCount_S-q_16,zoomCount_S-q_16,dblclickCount_S-q_16,resetCount_S-q_16,graph_S-q_0,type_S-q_0,S-q_0,correct_S-q_0,trueAnswer_S-q_0,editDist_S-q_0,time_S-q_0,hoverCount_S-q_0,panCount_S-q_0,zoomCount_S-q_0,dblclickCount_S-q_0,resetCount_S-q_0,graph_S-q_2,type_S-q_2,S-q_2,correct_S-q_2,trueAnswer_S-q_2,editDist_S-q_2,time_S-q_2,hoverCount_S-q_2,panCount_S-q_2,zoomCount_S-q_2,dblclickCount_S-q_2,resetCount_S-q_2,graph_S-q_5,type_S-q_5,S-q_5,correct_S-q_5,trueAnswer_S-q_5,editDist_S-q_5,time_S-q_5,hoverCount_S-q_5,panCount_S-q_5,zoomCount_S-q_5,dblclickCount_S-q_5,resetCount_S-q_5,graph_S-q_7,type_S-q_7,S-q_7,correct_S-q_7,trueAnswer_S-q_7,editDist_S-q_7,time_S-q_7,hoverCount_S-q_7,panCount_S-q_7,zoomCount_S-q_7,dblclickCount_S-q_7,resetCount_S-q_7,graph_S-q_9,type_S-q_9,S-q_9,correct_S-q_9,trueAnswer_S-q_9,editDist_S-q_9,time_S-q_9,hoverCount_S-q_9,panCount_S-q_9,zoomCount_S-q_9,dblclickCount_S-q_9,resetCount_S-q_9,graph_E-q_11,type_E-q_11,E-q_11,correct_E-q_11,trueAnswer_E-q_11,editDist_E-q_11,time_E-q_11,hoverCount_E-q_11,panCount_E-q_11,zoomCount_E-q_11,dblclickCount_E-q_11,resetCount_E-q_11,graph_H-q_11,type_H-q_11,H-q_11,correct_H-q_11,trueAnswer_H-q_11,editDist_H-q_11,time_H-q_11,hoverCount_H-q_11,panCount_H-q_11,zoomCount_H-q_11,dblclickCount_H-q_11,resetCount_H-q_11,graph_S-q_11,type_S-q_11,S-q_11,correct_S-q_11,trueAnswer_S-q_11,editDist_S-q_11,time_S-q_11,hoverCount_S-q_11,panCount_S-q_11,zoomCount_S-q_11,dblclickCount_S-q_11,resetCount_S-q_11,graph_E-q_13,type_E-q_13,E-q_13,correct_E-q_13,trueAnswer_E-q_13,editDist_E-q_13,time_E-q_13,hoverCount_E-q_13,panCount_E-q_13,zoomCount_E-q_13,dblclickCount_E-q_13,resetCount_E-q_13,graph_H-q_13,type_H-q_13,H-q_13,correct_H-q_13,trueAnswer_H-q_13,editDist_H-q_13,time_H-q_13,hoverCount_H-q_13,panCount_H-q_13,zoomCount_H-q_13,dblclickCount_H-q_13,resetCount_H-q_13,graph_S-q_13,type_S-q_13,S-q_13,correct_S-q_13,trueAnswer_S-q_13,editDist_S-q_13,time_S-q_13,hoverCount_S-q_13,panCount_S-q_13,zoomCount_S-q_13,dblclickCount_S-q_13,resetCount_S-q_13,graph_E-q_15,type_E-q_15,E-q_15,correct_E-q_15,trueAnswer_E-q_15,editDist_E-q_15,time_E-q_15,hoverCount_E-q_15,panCount_E-q_15,zoomCount_E-q_15,dblclickCount_E-q_15,resetCount_E-q_15,graph_H-q_15,type_H-q_15,H-q_15,correct_H-q_15,trueAnswer_H-q_15,editDist_H-q_15,time_H-q_15,hoverCount_H-q_15,panCount_H-q_15,zoomCount_H-q_15,dblclickCount_H-q_15,resetCount_H-q_15,graph_S-q_15,type_S-q_15,S-q_15,correct_S-q_15,trueAnswer_S-q_15,editDist_S-q_15,time_S-q_15,hoverCount_S-q_15,panCount_S-q_15,zoomCount_S-q_15,dblclickCount_S-q_15,resetCount_S-q_15,graph_E-q_16,type_E-q_16,E-q_16,correct_E-q_16,trueAnswer_E-q_16,editDist_E-q_16,time_E-q_16,hoverCount_E-q_16,panCount_E-q_16,zoomCount_E-q_16,dblclickCount_E-q_16,resetCount_E-q_16,graph_H-q_16,type_H-q_16,H-q_16,correct_H-q_16,trueAnswer_H-q_16,editDist_H-q_16,time_H-q_16,hoverCount_H-q_16,panCount_H-q_16,zoomCount_H-q_16,dblclickCount_H-q_16,resetCount_H-q_16,graph_S-q_16,type_S-q_16,S-q_16,correct_S-q_16,trueAnswer_S-q_16,editDist_S-q_16,time_S-q_16,hoverCount_S-q_16,panCount_S-q_16,zoomCount_S-q_16,dblclickCount_S-q_16,resetCount_S-q_16
p_328,e_group_1,T5,option-2,1,option-2,1.0,53538,2,0,0,0,0,e_group_2,T5,option-2,1,option-2,1.0,25074,12,0,0,0,0,h_group_0,T5,option-1,1,option-1,1.0,16702,2,0,0,0,0,h_group_1,T5,option-1,1,option-1,1.0,17740,6,0,0,0,0,h_group_2,T5,option-1,1,option-1,1.0,10230,5,0,0,0,0,s_group_0,T5,option-2,0,option-3,0.6666666666666667,29468,10,0,0,0,0,s_group_0,T5,option-2,1,option-2,1.0,12719,11,2,0,1,0,s_group_0,T5,option-4,1,option-4,1.0,8584,3,0,0,0,0,s_group_1,T5,option-4,0,option-1,0.0,26486,13,0,0,0,0,s_group_1,T5,option-2,1,option-2,1.0,17882,9,3,5,1,0,s_group_1,T5,option-4,1,option-4,1.0,16114,17,0,15,0,0,e_group_0,T5,option-2,1,option-2,1.0,12076,4,0,0,0,0,e_group_0,T5,option-3,0,option-4,0.6666666666666667,28801,13,3,0,1,0,e_group_0,T5,option-4,1,option-4,1.0,26920,12,0,0,0,0,s_group_2,T5,option-1,1,option-1,1.0,11192,7,0,0,0,0,s_group_2,T5,option-2,1,option-2,1.0,24609,9,7,30,1,1,s_group_2,T5,option-1,1,option-1,1.0,13476,8,0,9,0,0,e_group_1,T5,option-2,1,option-2,1.0,29417,8,4,6,0,0,e_group_2,T5,option-3,1,option-3,1.0,20243,9,3,17,0,0,h_group_0,T5,option-3,1,option-3,1.0,14590,12,3,0,1,0,h_group_1,T5,option-3,0,option-1,0.33333333333333337,28283,14,4,2,1,0,h_group_2,T5,option-1,1,option-1,1.0,12534,11,3,0,1,0,s_group_0,T5,option-2,0,option-3,0.6666666666666667,29468,10,0,0,0,0,s_group_0,T5,option-2,1,option-2,1.0,12719,11,2,0,1,0,s_group_0,T5,option-4,1,option-4,1.0,8584,3,0,0,0,0,s_group_1,T5,option-4,0,option-1,0.0,26486,13,0,0,0,0,s_group_1,T5,option-2,1,option-2,1.0,17882,9,3,5,1,0,s_group_1,T5,option-4,1,option-4,1.0,16114,17,0,15,0,0,e_group_0,T5,option-2,1,option-2,1.0,12076,4,0,0,0,0,e_group_0,T5,option-3,0,option-4,0.6666666666666667,28801,13,3,0,1,0,e_group_0,T5,option-4,1,option-4,1.0,26920,12,0,0,0,0,s_group_2,T5,option-1,1,option-1,1.0,11192,7,0,0,0,0,s_group_2,T5,option-2,1,option-2,1.0,24609,9,7,30,1,1,s_group_2,T5,option-1,1,option-1,1.0,13476,8,0,9,0,0,e_group_1,T5,option-2,0,option-3,0.6666666666666667,13981,6,0,0,0,0,e_group_2,T5,option-1,0,option-2,0.6666666666666667,15950,26,0,1,0,0,h_group_0,T5,option-3,1,option-3,1.0,51905,36,0,10,0,0,h_group_1,T5,option-1,1,option-1,1.0,28958,45,0,5,0,0,h_group_2,T5,option-1,1,option-1,1.0,14189,13,0,0,0,0,s_group_0,T5,option-2,0,option-3,0.6666666666666667,29468,10,0,0,0,0,s_group_0,T5,option-2,1,option-2,1.0,12719,11,2,0,1,0,s_group_0,T5,option-4,1,option-4,1.0,8584,3,0,0,0,0,s_group_1,T5,option-4,0,option-1,0.0,26486,13,0,0,0,0,s_group_1,T5,option-2,1,option-2,1.0,17882,9,3,5,1,0,s_group_1,T5,option-4,1,option-4,1.0,16114,17,0,15,0,0,e_group_0,T5,option-2,1,option-2,1.0,12076,4,0,0,0,0,e_group_0,T5,option-3,0,option-4,0.6666666666666667,28801,13,3,0,1,0,e_group_0,T5,option-4,1,option-4,1.0,26920,12,0,0,0,0,s_group_2,T5,option-1,1,option-1,1.0,11192,7,0,0,0,0,s_group_2,T5,option-2,1,option-2,1.0,24609,9,7,30,1,1,s_group_2,T5,option-1,1,option-1,1.0,13476,8,0,9,0,0
p_330,e_group_1,T5,option-2,1,option-2,1.0,25511,6,0,0,0,0,e_group_2,T5,option-2,1,option-2,1.0,20156,10,0,0,0,0,h_group_0,T5,option-1,1,option-1,1.0,92092,17,0,0,0,0,h_group_1,T5,option-1,1,option-1,1.0,32665,11,0,0,0,0,h_group_2,T5,option-1,1,option-1,1.0,17518,8,0,0,0,0,s_group_0,T5,option-3,1,option-3,1.0,15142,5,0,0,0,0,s_group_0,T5,option-4,1,option-4,1.0,13065,5,2,0,0,0,s_group_0,T5,option-2,1,option-2,1.0,17837,6,0,0,0,0,s_group_1,T5,option-4,0,option-1,0.0,82743,18,1,0,0,0,s_group_1,T5,option-4,1,option-4,1.0,17887,5,2,0,0,0,s_group_1,T5,option-2,1,option-2,1.0,21120,13,0,0,0,0,e_group_0,T5,option-2,1,option-2,1.0,14399,4,0,0,0,0,e_group_0,T5,option-4,1,option-4,1.0,34150,5,1,0,0,0,e_group_0,T5,option-4,1,option-4,1.0,31010,10,0,0,0,0,s_group_2,T5,option-1,1,option-1,1.0,12754,10,0,0,0,0,s_group_2,T5,option-1,1,option-1,1.0,24981,9,5,0,0,0,s_group_2,T5,option-2,1,option-2,1.0,18016,17,0,10,0,0,e_group_1,T5,option-3,1,option-3,1.0,19775,6,2,0,0,0,e_group_2,T5,option-2,1,option-2,1.0,33481,12,5,11,0,0,h_group_0,T5,option-3,1,option-3,1.0,69400,28,3,0,0,0,h_group_1,T5,option-1,1,option-1,1.0,33650,19,1,0,0,0,h_group_2,T5,option-1,1,option-1,1.0,10763,9,1,0,0,0,s_group_0,T5,option-3,1,option-3,1.0,15142,5,0,0,0,0,s_group_0,T5,option-4,1,option-4,1.0,13065,5,2,0,0,0,s_group_0,T5,option-2,1,option-2,1.0,17837,6,0,0,0,0,s_group_1,T5,option-4,0,option-1,0.0,82743,18,1,0,0,0,s_group_1,T5,option-4,1,option-4,1.0,17887,5,2,0,0,0,s_group_1,T5,option-2,1,option-2,1.0,21120,13,0,0,0,0,e_group_0,T5,option-2,1,option-2,1.0,14399,4,0,0,0,0,e_group_0,T5,option-4,1,option-4,1.0,34150,5,1,0,0,0,e_group_0,T5,option-4,1,option-4,1.0,31010,10,0,0,0,0,s_group_2,T5,option-1,1,option-1,1.0,12754,10,0,0,0,0,s_group_2,T5,option-1,1,option-1,1.0,24981,9,5,0,0,0,s_group_2,T5,option-2,1,option-2,1.0,18016,17,0,10,0,0,e_group_1,T5,option-2,1,option-2,1.0,21789,7,0,0,0,0,e_group_2,T5,option-3,1,option-3,1.0,12931,19,0,0,0,0,h_group_0,T5,option-3,1,option-3,1.0,24973,17,0,0,0,0,h_group_1,T5,option-1,1,option-1,1.0,25659,11,0,0,0,0,h_group_2,T5,option-1,1,option-1,1.0,12943,14,0,0,0,0,s_group_0,T5,option-3,1,option-3,1.0,15142,5,0,0,0,0,s_group_0,T5,option-4,1,option-4,1.0,13065,5,2,0,0,0,s_group_0,T5,option-2,1,option-2,1.0,17837,6,0,0,0,0,s_group_1,T5,option-4,0,option-1,0.0,82743,18,1,0,0,0,s_group_1,T5,option-4,1,option-4,1.0,17887,5,2,0,0,0,s_group_1,T5,option-2,1,option-2,1.0,21120,13,0,0,0,0,e_group_0,T5,option-2,1,option-2,1.0,14399,4,0,0,0,0,e_group_0,T5,option-4,1,option-4,1.0,34150,5,1,0,0,0,e_group_0,T5,option-4,1,option-4,1.0,31010,10,0,0,0,0,s_group_2,T5,option-1,1,option-1,1.0,12754,10,0,0,0,0,s_group_2,T5,option-1,1,option-1,1.0,24981,9,5,0,0,0,s_group_2,T5,option-2,1,option-2,1.0,18016,17,0,10,0,0
p_335,e_group_1,T5,option-3,1,option-3,1.0,18258,14,0,0,0,0,e_group_2,T5,option-2,1,option-2,1.0,18887,13,0,0,0,0,h_group_0,T5,option-3,1,option-3,1.0,83953,41,0,0,0,0,h_group_1,T5,option-1,1,option-1,1.0,13538,12,0,0,0,0,h_group_2,T5,option-1,1,option-1,1.0,13156,13,0,0,0,0,s_group_0,T5,option-4,1,option-4,1.0,10602,7,0,0,0,0,s_group_0,T5,option-3,1,option-3,1.0,63794,24,4,0,0,0,s_group_0,T5,option-2,1,option-2,1.0,12871,10,0,0,0,0,s_group_1,T5,option-4,1,option-4,1.0,15778,8,0,0,0,0,s_group_1,T5,option-1,1,option-1,1.0,108683,65,5,60,0,0,s_group_1,T5,option-2,1,option-2,1.0,13060,32,0,0,0,0,e_group_0,T5,option-4,1,option-4,1.0,28603,6,0,0,0,0,e_group_0,T5,option-2,1,option-2,1.0,22328,3,1,0,0,0,e_group_0,T5,option-4,1,option-4,1.0,22812,9,0,0,0,0,s_group_2,T5,option-1,1,option-1,1.0,9847,12,0,0,0,0,s_group_2,T5,option-1,1,option-1,1.0,10671,8,1,0,0,0,s_group_2,T5,option-2,1,option-2,1.0,10432,11,0,5,0,0,e_group_1,T5,option-2,1,option-2,1.0,31520,10,2,0,0,0,e_group_2,T5,option-2,1,option-2,1.0,25592,7,2,6,0,0,h_group_0,T5,option-1,1,option-1,1.0,42354,12,1,0,0,0,h_group_1,T5,option-1,1,option-1,1.0,91335,44,2,12,0,0,h_group_2,T5,option-1,1,option-1,1.0,60457,26,3,0,0,0,s_group_0,T5,option-4,1,option-4,1.0,10602,7,0,0,0,0,s_group_0,T5,option-3,1,option-3,1.0,63794,24,4,0,0,0,s_group_0,T5,option-2,1,option-2,1.0,12871,10,0,0,0,0,s_group_1,T5,option-4,1,option-4,1.0,15778,8,0,0,0,0,s_group_1,T5,option-1,1,option-1,1.0,108683,65,5,60,0,0,s_group_1,T5,option-2,1,option-2,1.0,13060,32,0,0,0,0,e_group_0,T5,option-4,1,option-4,1.0,28603,6,0,0,0,0,e_group_0,T5,option-2,1,option-2,1.0,22328,3,1,0,0,0,e_group_0,T5,option-4,1,option-4,1.0,22812,9,0,0,0,0,s_group_2,T5,option-1,1,option-1,1.0,9847,12,0,0,0,0,s_group_2,T5,option-1,1,option-1,1.0,10671,8,1,0,0,0,s_group_2,T5,option-2,1,option-2,1.0,10432,11,0,5,0,0,e_group_1,T5,option-2,1,option-2,1.0,17128,9,0,0,0,0,e_group_2,T5,option-3,1,option-3,1.0,18319,20,0,7,0,0,h_group_0,T5,option-2,0,option-3,0.6666666666666667,23639,16,0,0,0,0,h_group_1,T5,option-1,1,option-1,1.0,15372,7,0,0,0,0,h_group_2,T5,option-1,1,option-1,1.0,13266,16,0,0,0,0,s_group_0,T5,option-4,1,option-4,1.0,10602,7,0,0,0,0,s_group_0,T5,option-3,1,option-3,1.0,63794,24,4,0,0,0,s_group_0,T5,option-2,1,option-2,1.0,12871,10,0,0,0,0,s_group_1,T5,option-4,1,option-4,1.0,15778,8,0,0,0,0,s_group_1,T5,option-1,1,option-1,1.0,108683,65,5,60,0,0,s_group_1,T5,option-2,1,option-2,1.0,13060,32,0,0,0,0,e_group_0,T5,option-4,1,option-4,1.0,28603,6,0,0,0,0,e_group_0,T5,option-2,1,option-2,1.0,22328,3,1,0,0,0,e_group_0,T5,option-4,1,option-4,1.0,22812,9,0,0,0,0,s_group_2,T5,option-1,1,option-1,1.0,9847,12,0,0,0,0,s_group_2,T5,option-1,1,option-1,1.0,10671,8,1,0,0,0,s_group_2,T5,option-2,1,option-2,1.0,10432,11,0,5,0,0
p_337,e_group_1,T5,option-2,1,option-2,1.0,66489,22,0,4,0,0,e_group_2,T5,option-3,1,option-3,1.0,16275,5,0,0,0,0,h_group_0,T5,option-3,1,option-3,1.0,21117,11,0,0,0,0,h_group_1,T5,option-1,1,option-1,1.0,33583,9,0,0,0,0,h_group_2,T5,option-1,1,option-1,1.0,13780,12,0,0,0,0,s_group_0,T5,option-2,1,option-2,1.0,26379,8,0,0,0,0,s_group_0,T5,option-3,1,option-3,1.0,102470,39,3,17,0,0,s_group_0,T5,option-4,1,option-4,1.0,12976,12,0,0,0,0,s_group_1,T5,option-2,1,option-2,1.0,11339,8,0,0,0,0,s_group_1,T5,option-1,1,option-1,1.0,95359,35,5,7,0,0,s_group_1,T5,option-3,0,option-4,0.6666666666666667,19206,11,0,3,0,0,e_group_0,T5,option-4,1,option-4,1.0,28867,8,0,0,0,0,e_group_0,T5,option-2,1,option-2,1.0,18701,4,1,0,0,0,e_group_0,T5,option-4,1,option-4,1.0,26894,7,0,0,0,0,s_group_2,T5,option-2,1,option-2,1.0,14210,20,0,0,0,0,s_group_2,T5,option-1,1,option-1,1.0,13345,7,1,5,0,0,s_group_2,T5,option-1,1,option-1,1.0,7662,3,0,3,0,0,e_group_1,T5,option-2,1,option-2,1.0,51684,8,1,2,0,0,e_group_2,T5,option-2,1,option-2,1.0,27446,8,1,7,0,0,h_group_0,T5,option-1,1,option-1,1.0,43686,11,1,10,0,0,h_group_1,T5,option-1,1,option-1,1.0,61004,19,6,77,0,0,h_group_2,T5,option-1,1,option-1,1.0,15168,2,1,0,0,0,s_group_0,T5,option-2,1,option-2,1.0,26379,8,0,0,0,0,s_group_0,T5,option-3,1,option-3,1.0,102470,39,3,17,0,0,s_group_0,T5,option-4,1,option-4,1.0,12976,12,0,0,0,0,s_group_1,T5,option-2,1,option-2,1.0,11339,8,0,0,0,0,s_group_1,T5,option-1,1,option-1,1.0,95359,35,5,7,0,0,s_group_1,T5,option-3,0,option-4,0.6666666666666667,19206,11,0,3,0,0,e_group_0,T5,option-4,1,option-4,1.0,28867,8,0,0,0,0,e_group_0,T5,option-2,1,option-2,1.0,18701,4,1,0,0,0,e_group_0,T5,option-4,1,option-4,1.0,26894,7,0,0,0,0,s_group_2,T5,option-2,1,option-2,1.0,14210,20,0,0,0,0,s_group_2,T5,option-1,1,option-1,1.0,13345,7,1,5,0,0,s_group_2,T5,option-1,1,option-1,1.0,7662,3,0,3,0,0,e_group_1,T5,option-2,0,option-3,0.6666666666666667,21355,12,0,0,0,0,e_group_2,T5,option-2,1,option-2,1.0,15337,10,0,3,0,0,h_group_0,T5,option-3,1,option-3,1.0,64037,26,0,11,0,0,h_group_1,T5,option-1,1,option-1,1.0,22913,35,1,0,0,0,h_group_2,T5,option-1,1,option-1,1.0,21002,27,0,5,0,0,s_group_0,T5,option-2,1,option-2,1.0,26379,8,0,0,0,0,s_group_0,T5,option-3,1,option-3,1.0,102470,39,3,17,0,0,s_group_0,T5,option-4,1,option-4,1.0,12976,12,0,0,0,0,s_group_1,T5,option-2,1,option-2,1.0,11339,8,0,0,0,0,s_group_1,T5,option-1,1,option-1,1.0,95359,35,5,7,0,0,s_group_1,T5,option-3,0,option-4,0.6666666666666667,19206,11,0,3,0,0,e_group_0,T5,option-4,1,option-4,1.0,28867,8,0,0,0,0,e_group_0,T5,option-2,1,option-2,1.0,18701,4,1,0,0,0,e_group_0,T5,option-4,1,option-4,1.0,26894,7,0,0,0,0,s_group_2,T5,option-2,1,option-2,1.0,14210,20,0,0,0,0,s_group_2,T5,option-1,1,option-1,1.0,13345,7,1,5,0,0,s_group_2,T5,option-1,1,option-1,1.0,7662,3,0,3,0,0
p_343,e_group_1,T5,option-1,0,option-2,0.6666666666666667,31165,17,0,0,0,0,e_group_2,T5,option-3,1,option-3,1.0,7270,13,0,0,0,0,h_group_0,T5,option-3,1,option-3,1.0,25125,19,0,0,0,0,h_group_1,T5,option-2,0,option-1,0.6666666666666667,26761,23,0,0,0,0,h_group_2,T5,option-1,1,option-1,1.0,11775,22,0,0,0,0,s_group_0,T5,option-2,1,option-2,1.0,13872,11,0,0,0,0,s_group_0,T5,option-2,0,option-3,0.6666666666666667,34727,12,2,34,0,1,s_group_0,T5,option-4,1,option-4,1.0,13010,10,0,0,0,0,s_group_1,T5,option-2,1,option-2,1.0,7614,8,0,0,0,0,s_group_1,T5,option-3,0,option-1,0.33333333333333337,132771,24,9,108,0,0,s_group_1,T5,option-3,0,option-4,0.6666666666666667,16915,46,0,9,0,0,e_group_0,T5,option-2,0,option-4,0.33333333333333337,9117,12,0,0,0,0,e_group_0,T5,option-2,1,option-2,1.0,39656,8,7,0,0,0,e_group_0,T5,option-2,0,option-4,0.33333333333333337,20118,13,2,32,1,1,s_group_2,T5,option-2,1,option-2,1.0,13991,8,0,0,0,0,s_group_2,T5,option-1,1,option-1,1.0,20146,11,3,0,0,0,s_group_2,T5,option-1,1,option-1,1.0,14813,10,2,19,1,0,e_group_1,T5,option-2,1,option-2,1.0,54642,17,6,0,0,0,e_group_2,T5,option-2,1,option-2,1.0,34409,12,4,40,0,0,h_group_0,T5,option-2,0,option-1,0.6666666666666667,16057,20,1,0,0,0,h_group_1,T5,option-2,0,option-1,0.6666666666666667,18903,15,4,0,0,0,h_group_2,T5,option-1,1,option-1,1.0,9631,9,1,0,0,0,s_group_0,T5,option-2,1,option-2,1.0,13872,11,0,0,0,0,s_group_0,T5,option-2,0,option-3,0.6666666666666667,34727,12,2,34,0,1,s_group_0,T5,option-4,1,option-4,1.0,13010,10,0,0,0,0,s_group_1,T5,option-2,1,option-2,1.0,7614,8,0,0,0,0,s_group_1,T5,option-3,0,option-1,0.33333333333333337,132771,24,9,108,0,0,s_group_1,T5,option-3,0,option-4,0.6666666666666667,16915,46,0,9,0,0,e_group_0,T5,option-2,0,option-4,0.33333333333333337,9117,12,0,0,0,0,e_group_0,T5,option-2,1,option-2,1.0,39656,8,7,0,0,0,e_group_0,T5,option-2,0,option-4,0.33333333333333337,20118,13,2,32,1,1,s_group_2,T5,option-2,1,option-2,1.0,13991,8,0,0,0,0,s_group_2,T5,option-1,1,option-1,1.0,20146,11,3,0,0,0,s_group_2,T5,option-1,1,option-1,1.0,14813,10,2,19,1,0,e_group_1,T5,option-2,0,option-3,0.6666666666666667,14190,16,0,0,0,0,e_group_2,T5,option-2,1,option-2,1.0,17385,19,0,6,0,0,h_group_0,T5,option-3,1,option-3,1.0,9771,11,0,0,0,0,h_group_1,T5,option-1,1,option-1,1.0,16980,26,0,0,0,0,h_group_2,T5,option-1,1,option-1,1.0,14044,25,0,0,0,0,s_group_0,T5,option-2,1,option-2,1.0,13872,11,0,0,0,0,s_group_0,T5,option-2,0,option-3,0.6666666666666667,34727,12,2,34,0,1,s_group_0,T5,option-4,1,option-4,1.0,13010,10,0,0,0,0,s_group_1,T5,option-2,1,option-2,1.0,7614,8,0,0,0,0,s_group_1,T5,option-3,0,option-1,0.33333333333333337,132771,24,9,108,0,0,s_group_1,T5,option-3,0,option-4,0.6666666666666667,16915,46,0,9,0,0,e_group_0,T5,option-2,0,option-4,0.33333333333333337,9117,12,0,0,0,0,e_group_0,T5,option-2,1,option-2,1.0,39656,8,7,0,0,0,e_group_0,T5,option-2,0,option-4,0.33333333333333337,20118,13,2,32,1,1,s_group_2,T5,option-2,1,option-2,1.0,13991,8,0,0,0,0,s_group_2,T5,option-1,1,option-1,1.0,20146,11,3,0,0,0,s_group_2,T5,option-1,1,option-1,1.0,14813,10,2,19,1,0
p_347,e_group_1,T5,option-3,1,option-3,1.0,20068,11,0,0,0,0,e_group_2,T5,option-2,1,option-2,1.0,27868,9,0,0,0,0,h_group_0,T5,option-3,1,option-3,1.0,68636,23,0,0,0,0,h_group_1,T5,option-1,1,option-1,1.0,29210,20,0,0,0,0,h_group_2,T5,option-1,1,option-1,1.0,10757,7,0,0,0,0,s_group_0,T5,option-4,1,option-4,1.0,7985,3,0,0,0,0,s_group_0,T5,option-3,1,option-3,1.0,34965,11,4,39,0,0,s_group_0,T5,option-2,1,option-2,1.0,13322,11,0,0,0,0,s_group_1,T5,option-4,1,option-4,1.0,11375,7,0,0,0,0,s_group_1,T5,option-1,1,option-1,1.0,138350,28,6,3,0,0,s_group_1,T5,option-2,1,option-2,1.0,11441,10,0,0,0,0,e_group_0,T5,option-4,1,option-4,1.0,24159,5,0,0,0,0,e_group_0,T5,option-2,1,option-2,1.0,70152,8,15,13,0,0,e_group_0,T5,option-4,1,option-4,1.0,44915,25,0,0,0,0,s_group_2,T5,option-1,1,option-1,1.0,8168,7,0,0,0,0,s_group_2,T5,option-1,1,option-1,1.0,12290,6,3,10,0,0,s_group_2,T5,option-2,1,option-2,1.0,7651,10,0,4,0,0,e_group_1,T5,option-2,1,option-2,1.0,112123,23,3,1,0,0,e_group_2,T5,option-2,1,option-2,1.0,85336,22,3,17,1,0,h_group_0,T5,option-1,1,option-1,1.0,146525,25,3,12,0,1,h_group_1,T5,option-1,1,option-1,1.0,94778,22,7,11,0,0,h_group_2,T5,option-1,1,option-1,1.0,15878,7,4,0,1,0,s_group_0,T5,option-4,1,option-4,1.0,7985,3,0,0,0,0,s_group_0,T5,option-3,1,option-3,1.0,34965,11,4,39,0,0,s_group_0,T5,option-2,1,option-2,1.0,13322,11,0,0,0,0,s_group_1,T5,option-4,1,option-4,1.0,11375,7,0,0,0,0,s_group_1,T5,option-1,1,option-1,1.0,138350,28,6,3,0,0,s_group_1,T5,option-2,1,option-2,1.0,11441,10,0,0,0,0,e_group_0,T5,option-4,1,option-4,1.0,24159,5,0,0,0,0,e_group_0,T5,option-2,1,option-2,1.0,70152,8,15,13,0,0,e_group_0,T5,option-4,1,option-4,1.0,44915,25,0,0,0,0,s_group_2,T5,option-1,1,option-1,1.0,8168,7,0,0,0,0,s_group_2,T5,option-1,1,option-1,1.0,12290,6,3,10,0,0,s_group_2,T5,option-2,1,option-2,1.0,7651,10,0,4,0,0,e_group_1,T5,option-1,0,option-2,0.6666666666666667,41452,11,0,2,0,0,e_group_2,T5,option-3,1,option-3,1.0,22088,18,0,8,0,0,h_group_0,T5,option-3,1,option-3,1.0,26922,12,0,0,0,0,h_group_1,T5,option-1,1,option-1,1.0,22193,12,0,1,0,0,h_group_2,T5,option-1,1,option-1,1.0,12165,12,0,0,0,0,s_group_0,T5,option-4,1,option-4,1.0,7985,3,0,0,0,0,s_group_0,T5,option-3,1,option-3,1.0,34965,11,4,39,0,0,s_group_0,T5,option-2,1,option-2,1.0,13322,11,0,0,0,0,s_group_1,T5,option-4,1,option-4,1.0,11375,7,0,0,0,0,s_group_1,T5,option-1,1,option-1,1.0,138350,28,6,3,0,0,s_group_1,T5,option-2,1,option-2,1.0,11441,10,0,0,0,0,e_group_0,T5,option-4,1,option-4,1.0,24159,5,0,0,0,0,e_group_0,T5,option-2,1,option-2,1.0,70152,8,15,13,0,0,e_group_0,T5,option-4,1,option-4,1.0,44915,25,0,0,0,0,s_group_2,T5,option-1,1,option-1,1.0,8168,7,0,0,0,0,s_group_2,T5,option-1,1,option-1,1.0,12290,6,3,10,0,0,s_group_2,T5,option-2,1,option-2,1.0,7651,10,0,4,0,0
p_359,e_group_1,T5,option-3,1,option-3,1.0,20958,11,0,0,0,0,e_group_2,T5,option-2,1,option-2,1.0,16211,23,0,0,0,0,h_group_0,T5,option-2,0,option-3,0.6666666666666667,151689,74,8,0,3,0,h_group_1,T5,option-1,1,option-1,1.0,17558,14,0,0,0,0,h_group_2,T5,option-1,1,option-1,1.0,15395,18,0,0,0,0,s_group_0,T5,option-4,1,option-4,1.0,13488,11,0,0,0,0,s_group_0,T5,option-3,1,option-3,1.0,49937,23,2,13,1,0,s_group_0,T5,option-2,1,option-2,1.0,10908,9,2,0,1,0,s_group_1,T5,option-4,1,option-4,1.0,19172,17,0,0,0,0,s_group_1,T5,option-4,0,option-1,0.0,138014,58,15,397,7,0,s_group_1,T5,option-2,1,option-2,1.0,12385,6,2,0,1,0,e_group_0,T5,option-4,1,option-4,1.0,18894,7,0,0,0,0,e_group_0,T5,option-2,1,option-2,1.0,32184,8,2,0,1,0,e_group_0,T5,option-4,1,option-4,1.0,28105,18,2,0,1,1,s_group_2,T5,option-1,1,option-1,1.0,23608,17,0,0,0,0,s_group_2,T5,option-1,1,option-1,1.0,21159,12,2,0,1,0,s_group_2,T5,option-2,1,option-2,1.0,10608,17,0,7,0,0,e_group_1,T5,option-1,0,option-2,0.6666666666666667,49272,15,6,32,2,1,e_group_2,T5,option-2,1,option-2,1.0,36735,16,2,11,1,0,h_group_0,T5,option-2,0,option-1,0.6666666666666667,72722,28,2,11,1,0,h_group_1,T5,option-1,1,option-1,1.0,102058,40,9,182,1,0,h_group_2,T5,option-1,1,option-1,1.0,11092,9,2,0,1,0,s_group_0,T5,option-4,1,option-4,1.0,13488,11,0,0,0,0,s_group_0,T5,option-3,1,option-3,1.0,49937,23,2,13,1,0,s_group_0,T5,option-2,1,option-2,1.0,10908,9,2,0,1,0,s_group_1,T5,option-4,1,option-4,1.0,19172,17,0,0,0,0,s_group_1,T5,option-4,0,option-1,0.0,138014,58,15,397,7,0,s_group_1,T5,option-2,1,option-2,1.0,12385,6,2,0,1,0,e_group_0,T5,option-4,1,option-4,1.0,18894,7,0,0,0,0,e_group_0,T5,option-2,1,option-2,1.0,32184,8,2,0,1,0,e_group_0,T5,option-4,1,option-4,1.0,28105,18,2,0,1,1,s_group_2,T5,option-1,1,option-1,1.0,23608,17,0,0,0,0,s_group_2,T5,option-1,1,option-1,1.0,21159,12,2,0,1,0,s_group_2,T5,option-2,1,option-2,1.0,10608,17,0,7,0,0,e_group_1,T5,option-1,0,option-2,0.6666666666666667,19084,13,2,0,1,0,e_group_2,T5,option-3,1,option-3,1.0,12828,18,2,12,1,0,h_group_0,T5,option-3,1,option-3,1.0,22849,12,2,0,1,0,h_group_1,T5,option-1,1,option-1,1.0,38369,18,2,0,1,0,h_group_2,T5,option-1,1,option-1,1.0,19147,21,0,5,0,0,s_group_0,T5,option-4,1,option-4,1.0,13488,11,0,0,0,0,s_group_0,T5,option-3,1,option-3,1.0,49937,23,2,13,1,0,s_group_0,T5,option-2,1,option-2,1.0,10908,9,2,0,1,0,s_group_1,T5,option-4,1,option-4,1.0,19172,17,0,0,0,0,s_group_1,T5,option-4,0,option-1,0.0,138014,58,15,397,7,0,s_group_1,T5,option-2,1,option-2,1.0,12385,6,2,0,1,0,e_group_0,T5,option-4,1,option-4,1.0,18894,7,0,0,0,0,e_group_0,T5,option-2,1,option-2,1.0,32184,8,2,0,1,0,e_group_0,T5,option-4,1,option-4,1.0,28105,18,2,0,1,1,s_group_2,T5,option-1,1,option-1,1.0,23608,17,0,0,0,0,s_group_2,T5,option-1,1,option-1,1.0,21159,12,2,0,1,0,s_group_2,T5,option-2,1,option-2,1.0,10608,17,0,7,0,0
p_370,e_group_1,T5,option-3,0,option-2,0.6666666666666667,20920,4,0,0,0,0,e_group_2,T5,option-2,1,option-2,1.0,58533,49,0,0,0,0,h_group_0,T5,option-2,0,option-1,0.6666666666666667,46818,11,0,0,1,0,h_group_1,T5,option-4,0,option-1,0.0,110514,25,2,0,0,0,h_group_2,T5,option-3,0,option-1,0.33333333333333337,69794,34,0,0,0,0,s_group_0,T5,option-2,0,option-3,0.6666666666666667,38936,18,0,0,0,0,s_group_0,T5,option-1,0,option-2,0.6666666666666667,25033,6,0,0,0,0,s_group_0,T5,option-4,1,option-4,1.0,54383,23,0,95,0,0,s_group_1,T5,option-3,0,option-1,0.33333333333333337,22004,17,0,0,0,0,s_group_1,T5,option-2,1,option-2,1.0,62318,14,2,282,0,0,s_group_1,T5,option-2,0,option-4,0.33333333333333337,27938,11,0,0,0,0,e_group_0,T5,option-3,0,option-2,0.6666666666666667,19877,5,0,0,0,0,e_group_0,T5,option-4,1,option-4,1.0,16609,8,0,0,0,0,e_group_0,T5,option-3,0,option-4,0.6666666666666667,24671,8,0,0,0,0,s_group_2,T5,option-2,0,option-1,0.6666666666666667,55651,47,0,0,0,0,s_group_2,T5,option-3,0,option-2,0.6666666666666667,26676,9,1,72,0,0,s_group_2,T5,option-2,0,option-1,0.6666666666666667,45349,16,2,61,0,0,e_group_1,T5,option-1,0,option-2,0.6666666666666667,29764,5,2,0,0,0,e_group_2,T5,option-3,1,option-3,1.0,14889,3,0,0,0,0,h_group_0,T5,option-4,0,option-3,0.6666666666666667,40658,12,3,0,0,0,h_group_1,T5,option-3,0,option-1,0.33333333333333337,28287,11,2,0,0,0,h_group_2,T5,option-4,0,option-1,0.0,27001,9,2,0,0,0,s_group_0,T5,option-2,0,option-3,0.6666666666666667,38936,18,0,0,0,0,s_group_0,T5,option-1,0,option-2,0.6666666666666667,25033,6,0,0,0,0,s_group_0,T5,option-4,1,option-4,1.0,54383,23,0,95,0,0,s_group_1,T5,option-3,0,option-1,0.33333333333333337,22004,17,0,0,0,0,s_group_1,T5,option-2,1,option-2,1.0,62318,14,2,282,0,0,s_group_1,T5,option-2,0,option-4,0.33333333333333337,27938,11,0,0,0,0,e_group_0,T5,option-3,0,option-2,0.6666666666666667,19877,5,0,0,0,0,e_group_0,T5,option-4,1,option-4,1.0,16609,8,0,0,0,0,e_group_0,T5,option-3,0,option-4,0.6666666666666667,24671,8,0,0,0,0,s_group_2,T5,option-2,0,option-1,0.6666666666666667,55651,47,0,0,0,0,s_group_2,T5,option-3,0,option-2,0.6666666666666667,26676,9,1,72,0,0,s_group_2,T5,option-2,0,option-1,0.6666666666666667,45349,16,2,61,0,0,e_group_1,T5,option-4,0,option-3,0.6666666666666667,16417,7,0,0,0,0,e_group_2,T5,option-3,0,option-2,0.6666666666666667,24266,10,0,0,0,0,h_group_0,T5,option-4,0,option-3,0.6666666666666667,19569,15,0,0,0,0,h_group_1,T5,option-4,0,option-1,0.0,33741,17,0,0,0,0,h_group_2,T5,option-4,0,option-1,0.0,38196,20,0,0,0,0,s_group_0,T5,option-2,0,option-3,0.6666666666666667,38936,18,0,0,0,0,s_group_0,T5,option-1,0,option-2,0.6666666666666667,25033,6,0,0,0,0,s_group_0,T5,option-4,1,option-4,1.0,54383,23,0,95,0,0,s_group_1,T5,option-3,0,option-1,0.33333333333333337,22004,17,0,0,0,0,s_group_1,T5,option-2,1,option-2,1.0,62318,14,2,282,0,0,s_group_1,T5,option-2,0,option-4,0.33333333333333337,27938,11,0,0,0,0,e_group_0,T5,option-3,0,option-2,0.6666666666666667,19877,5,0,0,0,0,e_group_0,T5,option-4,1,option-4,1.0,16609,8,0,0,0,0,e_group_0,T5,option-3,0,option-4,0.6666666666666667,24671,8,0,0,0,0,s_group_2,T5,option-2,0,option-1,0.6666666666666667,55651,47,0,0,0,0,s_group_2,T5,option-3,0,option-2,0.6666666666666667,26676,9,1,72,0,0,s_group_2,T5,option-2,0,option-1,0.6666666666666667,45349,16,2,61,0,0
p_378,e_group_1,T5,option-2,1,option-2,1.0,14816,4,0,0,0,0,e_group_2,T5,option-2,1,option-2,1.0,26103,12,0,0,0,0,h_group_0,T5,option-1,1,option-1,1.0,59627,24,0,0,0,0,h_group_1,T5,option-1,1,option-1,1.0,33779,29,0,0,0,0,h_group_2,T5,option-1,1,option-1,1.0,21332,11,0,0,0,0,s_group_0,T5,option-3,1,option-3,1.0,34582,17,0,0,0,0,s_group_0,T5,option-4,1,option-4,1.0,19566,17,5,23,0,0,s_group_0,T5,option-2,1,option-2,1.0,8394,12,0,0,0,0,s_group_1,T5,option-4,0,option-1,0.0,182655,99,8,0,2,0,s_group_1,T5,option-4,1,option-4,1.0,24369,10,4,23,0,0,s_group_1,T5,option-2,1,option-2,1.0,13657,27,9,0,4,0,e_group_0,T5,option-2,1,option-2,1.0,15088,5,0,0,0,0,e_group_0,T5,option-4,1,option-4,1.0,28077,15,9,3,4,0,e_group_0,T5,option-4,1,option-4,1.0,41106,25,2,0,1,0,s_group_2,T5,option-1,1,option-1,1.0,14413,22,0,0,0,0,s_group_2,T5,option-1,1,option-1,1.0,14100,14,3,4,0,0,s_group_2,T5,option-2,1,option-2,1.0,10272,22,0,12,0,0,e_group_1,T5,option-3,1,option-3,1.0,23874,11,1,2,0,0,e_group_2,T5,option-2,1,option-2,1.0,26144,22,4,24,1,0,h_group_0,T5,option-3,1,option-3,1.0,42505,30,10,17,5,0,h_group_1,T5,option-1,1,option-1,1.0,19407,21,2,0,0,0,h_group_2,T5,option-1,1,option-1,1.0,12123,13,2,4,0,0,s_group_0,T5,option-3,1,option-3,1.0,34582,17,0,0,0,0,s_group_0,T5,option-4,1,option-4,1.0,19566,17,5,23,0,0,s_group_0,T5,option-2,1,option-2,1.0,8394,12,0,0,0,0,s_group_1,T5,option-4,0,option-1,0.0,182655,99,8,0,2,0,s_group_1,T5,option-4,1,option-4,1.0,24369,10,4,23,0,0,s_group_1,T5,option-2,1,option-2,1.0,13657,27,9,0,4,0,e_group_0,T5,option-2,1,option-2,1.0,15088,5,0,0,0,0,e_group_0,T5,option-4,1,option-4,1.0,28077,15,9,3,4,0,e_group_0,T5,option-4,1,option-4,1.0,41106,25,2,0,1,0,s_group_2,T5,option-1,1,option-1,1.0,14413,22,0,0,0,0,s_group_2,T5,option-1,1,option-1,1.0,14100,14,3,4,0,0,s_group_2,T5,option-2,1,option-2,1.0,10272,22,0,12,0,0,e_group_1,T5,option-1,0,option-2,0.6666666666666667,20115,17,0,3,0,0,e_group_2,T5,option-3,1,option-3,1.0,24190,25,2,9,1,0,h_group_0,T5,option-3,1,option-3,1.0,19575,23,0,6,0,0,h_group_1,T5,option-1,1,option-1,1.0,16935,17,0,2,0,0,h_group_2,T5,option-1,1,option-1,1.0,10500,19,0,14,0,0,s_group_0,T5,option-3,1,option-3,1.0,34582,17,0,0,0,0,s_group_0,T5,option-4,1,option-4,1.0,19566,17,5,23,0,0,s_group_0,T5,option-2,1,option-2,1.0,8394,12,0,0,0,0,s_group_1,T5,option-4,0,option-1,0.0,182655,99,8,0,2,0,s_group_1,T5,option-4,1,option-4,1.0,24369,10,4,23,0,0,s_group_1,T5,option-2,1,option-2,1.0,13657,27,9,0,4,0,e_group_0,T5,option-2,1,option-2,1.0,15088,5,0,0,0,0,e_group_0,T5,option-4,1,option-4,1.0,28077,15,9,3,4,0,e_group_0,T5,option-4,1,option-4,1.0,41106,25,2,0,1,0,s_group_2,T5,option-1,1,option-1,1.0,14413,22,0,0,0,0,s_group_2,T5,option-1,1,option-1,1.0,14100,14,3,4,0,0,s_group_2,T5,option-2,1,option-2,1.0,10272,22,0,12,0,0
p_385,e_group_1,T5,option-1,0,option-2,0.6666666666666667,14133,6,0,0,0,0,e_group_2,T5,option-3,1,option-3,1.0,12044,7,0,0,0,0,h_group_0,T5,option-3,1,option-3,1.0,9934,6,0,0,0,0,h_group_1,T5,option-1,1,option-1,1.0,22016,13,2,0,1,0,h_group_2,T5,option-2,0,option-1,0.6666666666666667,9475,12,0,0,0,0,s_group_0,T5,option-2,1,option-2,1.0,11675,6,0,0,0,0,s_group_0,T5,option-3,1,option-3,1.0,21202,8,2,0,1,0,s_group_0,T5,option-4,1,option-4,1.0,15508,14,2,0,1,0,s_group_1,T5,option-2,1,option-2,1.0,20792,12,0,0,0,0,s_group_1,T5,option-4,0,option-1,0.0,109494,72,3,8,1,0,s_group_1,T5,option-3,0,option-4,0.6666666666666667,14924,13,0,1,0,0,e_group_0,T5,option-4,1,option-4,1.0,19896,8,0,0,0,0,e_group_0,T5,option-2,1,option-2,1.0,31551,8,2,0,1,0,e_group_0,T5,option-4,1,option-4,1.0,25648,7,0,6,0,0,s_group_2,T5,option-2,1,option-2,1.0,6635,7,0,0,0,0,s_group_2,T5,option-1,1,option-1,1.0,15203,10,4,8,1,0,s_group_2,T5,option-1,1,option-1,1.0,9224,11,0,7,0,0,e_group_1,T5,option-1,0,option-2,0.6666666666666667,37386,11,2,0,1,0,e_group_2,T5,option-2,1,option-2,1.0,26414,12,3,20,1,0,h_group_0,T5,option-1,1,option-1,1.0,41920,20,4,0,2,0,h_group_1,T5,option-1,1,option-1,1.0,49181,26,3,6,1,0,h_group_2,T5,option-1,1,option-1,1.0,19362,11,4,9,2,1,s_group_0,T5,option-2,1,option-2,1.0,11675,6,0,0,0,0,s_group_0,T5,option-3,1,option-3,1.0,21202,8,2,0,1,0,s_group_0,T5,option-4,1,option-4,1.0,15508,14,2,0,1,0,s_group_1,T5,option-2,1,option-2,1.0,20792,12,0,0,0,0,s_group_1,T5,option-4,0,option-1,0.0,109494,72,3,8,1,0,s_group_1,T5,option-3,0,option-4,0.6666666666666667,14924,13,0,1,0,0,e_group_0,T5,option-4,1,option-4,1.0,19896,8,0,0,0,0,e_group_0,T5,option-2,1,option-2,1.0,31551,8,2,0,1,0,e_group_0,T5,option-4,1,option-4,1.0,25648,7,0,6,0,0,s_group_2,T5,option-2,1,option-2,1.0,6635,7,0,0,0,0,s_group_2,T5,option-1,1,option-1,1.0,15203,10,4,8,1,0,s_group_2,T5,option-1,1,option-1,1.0,9224,11,0,7,0,0,e_group_1,T5,option-2,0,option-3,0.6666666666666667,11418,9,0,2,0,0,e_group_2,T5,option-2,1,option-2,1.0,24662,12,2,13,1,0,h_group_0,T5,option-3,1,option-3,1.0,58071,34,2,3,1,0,h_group_1,T5,option-1,1,option-1,1.0,19521,23,2,3,1,0,h_group_2,T5,option-1,1,option-1,1.0,15688,28,0,4,0,0,s_group_0,T5,option-2,1,option-2,1.0,11675,6,0,0,0,0,s_group_0,T5,option-3,1,option-3,1.0,21202,8,2,0,1,0,s_group_0,T5,option-4,1,option-4,1.0,15508,14,2,0,1,0,s_group_1,T5,option-2,1,option-2,1.0,20792,12,0,0,0,0,s_group_1,T5,option-4,0,option-1,0.0,109494,72,3,8,1,0,s_group_1,T5,option-3,0,option-4,0.6666666666666667,14924,13,0,1,0,0,e_group_0,T5,option-4,1,option-4,1.0,19896,8,0,0,0,0,e_group_0,T5,option-2,1,option-2,1.0,31551,8,2,0,1,0,e_group_0,T5,option-4,1,option-4,1.0,25648,7,0,6,0,0,s_group_2,T5,option-2,1,option-2,1.0,6635,7,0,0,0,0,s_group_2,T5,option-1,1,option-1,1.0,15203,10,4,8,1,0,s_group_2,T5,option-1,1,option-1,1.0,9224,11,0,7,0,0
p_397,e_group_1,T5,option-2,1,option-2,1.0,25925,21,0,0,0,0,e_group_2,T5,option-3,1,option-3,1.0,9657,13,0,0,0,0,h_group_0,T5,option-3,1,option-3,1.0,13299,6,0,0,0,0,h_group_1,T5,option-1,1,option-1,1.0,24955,15,0,0,0,0,h_group_2,T5,option-1,1,option-1,1.0,11541,11,0,0,0,0,s_group_0,T5,option-2,1,option-2,1.0,10188,8,0,0,0,0,s_group_0,T5,option-3,1,option-3,1.0,21336,13,2,0,1,0,s_group_0,T5,option-4,1,option-4,1.0,13755,11,0,11,0,0,s_group_1,T5,option-2,1,option-2,1.0,7284,7,0,0,0,0,s_group_1,T5,option-4,0,option-1,0.0,103458,34,15,27,1,0,s_group_1,T5,option-4,1,option-4,1.0,13199,9,0,11,0,0,e_group_0,T5,option-4,1,option-4,1.0,21967,6,0,0,0,0,e_group_0,T5,option-2,1,option-2,1.0,101250,32,20,0,0,0,e_group_0,T5,option-2,0,option-4,0.33333333333333337,34644,21,0,11,0,0,s_group_2,T5,option-2,1,option-2,1.0,4488,10,0,0,0,0,s_group_2,T5,option-1,1,option-1,1.0,16598,15,3,7,0,0,s_group_2,T5,option-1,1,option-1,1.0,6433,1,0,17,0,0,e_group_1,T5,option-2,1,option-2,1.0,59894,16,3,3,1,0,e_group_2,T5,option-2,1,option-2,1.0,26059,14,5,5,1,0,h_group_0,T5,option-1,1,option-1,1.0,56843,24,6,7,1,0,h_group_1,T5,option-1,1,option-1,1.0,77287,27,8,27,1,0,h_group_2,T5,option-1,1,option-1,1.0,24366,12,2,0,1,0,s_group_0,T5,option-2,1,option-2,1.0,10188,8,0,0,0,0,s_group_0,T5,option-3,1,option-3,1.0,21336,13,2,0,1,0,s_group_0,T5,option-4,1,option-4,1.0,13755,11,0,11,0,0,s_group_1,T5,option-2,1,option-2,1.0,7284,7,0,0,0,0,s_group_1,T5,option-4,0,option-1,0.0,103458,34,15,27,1,0,s_group_1,T5,option-4,1,option-4,1.0,13199,9,0,11,0,0,e_group_0,T5,option-4,1,option-4,1.0,21967,6,0,0,0,0,e_group_0,T5,option-2,1,option-2,1.0,101250,32,20,0,0,0,e_group_0,T5,option-2,0,option-4,0.33333333333333337,34644,21,0,11,0,0,s_group_2,T5,option-2,1,option-2,1.0,4488,10,0,0,0,0,s_group_2,T5,option-1,1,option-1,1.0,16598,15,3,7,0,0,s_group_2,T5,option-1,1,option-1,1.0,6433,1,0,17,0,0,e_group_1,T5,option-2,0,option-3,0.6666666666666667,12852,7,0,6,0,0,e_group_2,T5,option-2,1,option-2,1.0,17571,15,0,21,0,0,h_group_0,T5,option-3,1,option-3,1.0,47268,24,0,5,0,0,h_group_1,T5,option-1,1,option-1,1.0,32423,17,2,0,1,0,h_group_2,T5,option-1,1,option-1,1.0,27065,38,0,24,0,0,s_group_0,T5,option-2,1,option-2,1.0,10188,8,0,0,0,0,s_group_0,T5,option-3,1,option-3,1.0,21336,13,2,0,1,0,s_group_0,T5,option-4,1,option-4,1.0,13755,11,0,11,0,0,s_group_1,T5,option-2,1,option-2,1.0,7284,7,0,0,0,0,s_group_1,T5,option-4,0,option-1,0.0,103458,34,15,27,1,0,s_group_1,T5,option-4,1,option-4,1.0,13199,9,0,11,0,0,e_group_0,T5,option-4,1,option-4,1.0,21967,6,0,0,0,0,e_group_0,T5,option-2,1,option-2,1.0,101250,32,20,0,0,0,e_group_0,T5,option-2,0,option-4,0.33333333333333337,34644,21,0,11,0,0,s_group_2,T5,option-2,1,option-2,1.0,4488,10,0,0,0,0,s_group_2,T5,option-1,1,option-1,1.0,16598,15,3,7,0,0,s_group_2,T5,option-1,1,option-1,1.0,6433,1,0,17,0,0
