,0,1,2,3,4,5,6,7,8,9,10,11,12,13,14,15,16,17,18,19,20,21,22,23,24,25,26,27,28,29,30,31,32,33,34,35,36,37,38,39,40,41,42,43,44,45,46,47,48,49,50,51,52,53,54,55,56,57,58,59,60,61,62,63,64,65,66,67,68,69,70,71,72,73,74,75,76,77,78,79,80,81,82,83,84,85,86,87,88,89,90,91,92,93,94,95,96,97,98,99,100,101,102,103,104,105,106,107,108,109,110,111,112,113,114,115,116,117,118,119,120,121,122,123,124,125,126,127,128,129,130,131,132,133,134
graph_E-q_1,e_group_2,,,,,,,,,,,,,,,,,,,,,,,,,,,e_group_2,,,,,,,,,,,,,,,,,,,,,,,,,,,e_group_2,,,,,,,,,,,,,,,,,,,,,,,,,,,e_group_2,,,,,,,,,,,,,,,,,,,,,,,,,,,e_group_2,,,,,,,,,,,,,,,,,,,,,,,,,,
type_E-q_1,T4,,,,,,,,,,,,,,,,,,,,,,,,,,,T4,,,,,,,,,,,,,,,,,,,,,,,,,,,T4,,,,,,,,,,,,,,,,,,,,,,,,,,,T4,,,,,,,,,,,,,,,,,,,,,,,,,,,T4,,,,,,,,,,,,,,,,,,,,,,,,,,
E-q_1,option-3,,,,,,,,,,,,,,,,,,,,,,,,,,,option-4,,,,,,,,,,,,,,,,,,,,,,,,,,,option-1,,,,,,,,,,,,,,,,,,,,,,,,,,,option-3,,,,,,,,,,,,,,,,,,,,,,,,,,,option-3,,,,,,,,,,,,,,,,,,,,,,,,,,
correct_E-q_1,1.0,,,,,,,,,,,,,,,,,,,,,,,,,,,0.0,,,,,,,,,,,,,,,,,,,,,,,,,,,0.0,,,,,,,,,,,,,,,,,,,,,,,,,,,0.0,,,,,,,,,,,,,,,,,,,,,,,,,,,0.0,,,,,,,,,,,,,,,,,,,,,,,,,,
trueAnswer_E-q_1,option-3,,,,,,,,,,,,,,,,,,,,,,,,,,,option-2,,,,,,,,,,,,,,,,,,,,,,,,,,,option-2,,,,,,,,,,,,,,,,,,,,,,,,,,,option-2,,,,,,,,,,,,,,,,,,,,,,,,,,,option-2,,,,,,,,,,,,,,,,,,,,,,,,,,
editDist_E-q_1,1.0,,,,,,,,,,,,,,,,,,,,,,,,,,,0.33333333333333337,,,,,,,,,,,,,,,,,,,,,,,,,,,0.6666666666666667,,,,,,,,,,,,,,,,,,,,,,,,,,,0.6666666666666667,,,,,,,,,,,,,,,,,,,,,,,,,,,0.6666666666666667,,,,,,,,,,,,,,,,,,,,,,,,,,
time_E-q_1,26561.0,,,,,,,,,,,,,,,,,,,,,,,,,,,65689.0,,,,,,,,,,,,,,,,,,,,,,,,,,,41225.0,,,,,,,,,,,,,,,,,,,,,,,,,,,77944.0,,,,,,,,,,,,,,,,,,,,,,,,,,,14962.0,,,,,,,,,,,,,,,,,,,,,,,,,,
hoverCount_E-q_1,70.0,,,,,,,,,,,,,,,,,,,,,,,,,,,55.0,,,,,,,,,,,,,,,,,,,,,,,,,,,50.0,,,,,,,,,,,,,,,,,,,,,,,,,,,98.0,,,,,,,,,,,,,,,,,,,,,,,,,,,32.0,,,,,,,,,,,,,,,,,,,,,,,,,,
panCount_E-q_1,0.0,,,,,,,,,,,,,,,,,,,,,,,,,,,0.0,,,,,,,,,,,,,,,,,,,,,,,,,,,0.0,,,,,,,,,,,,,,,,,,,,,,,,,,,0.0,,,,,,,,,,,,,,,,,,,,,,,,,,,0.0,,,,,,,,,,,,,,,,,,,,,,,,,,
zoomCount_E-q_1,0.0,,,,,,,,,,,,,,,,,,,,,,,,,,,0.0,,,,,,,,,,,,,,,,,,,,,,,,,,,1.0,,,,,,,,,,,,,,,,,,,,,,,,,,,0.0,,,,,,,,,,,,,,,,,,,,,,,,,,,0.0,,,,,,,,,,,,,,,,,,,,,,,,,,
dblclickCount_E-q_1,0.0,,,,,,,,,,,,,,,,,,,,,,,,,,,0.0,,,,,,,,,,,,,,,,,,,,,,,,,,,0.0,,,,,,,,,,,,,,,,,,,,,,,,,,,0.0,,,,,,,,,,,,,,,,,,,,,,,,,,,0.0,,,,,,,,,,,,,,,,,,,,,,,,,,
resetCount_E-q_1,0.0,,,,,,,,,,,,,,,,,,,,,,,,,,,0.0,,,,,,,,,,,,,,,,,,,,,,,,,,,0.0,,,,,,,,,,,,,,,,,,,,,,,,,,,0.0,,,,,,,,,,,,,,,,,,,,,,,,,,,0.0,,,,,,,,,,,,,,,,,,,,,,,,,,
graph_E-q_3,,h_group_0,,,,,,,,,,,,,,,,,,,,,,,,,,,h_group_0,,,,,,,,,,,,,,,,,,,,,,,,,,,h_group_0,,,,,,,,,,,,,,,,,,,,,,,,,,,h_group_0,,,,,,,,,,,,,,,,,,,,,,,,,,,h_group_0,,,,,,,,,,,,,,,,,,,,,,,,,
type_E-q_3,,T4,,,,,,,,,,,,,,,,,,,,,,,,,,,T4,,,,,,,,,,,,,,,,,,,,,,,,,,,T4,,,,,,,,,,,,,,,,,,,,,,,,,,,T4,,,,,,,,,,,,,,,,,,,,,,,,,,,T4,,,,,,,,,,,,,,,,,,,,,,,,,
E-q_3,,option-1,,,,,,,,,,,,,,,,,,,,,,,,,,,option-1,,,,,,,,,,,,,,,,,,,,,,,,,,,option-2,,,,,,,,,,,,,,,,,,,,,,,,,,,option-2,,,,,,,,,,,,,,,,,,,,,,,,,,,option-1,,,,,,,,,,,,,,,,,,,,,,,,,
correct_E-q_3,,1.0,,,,,,,,,,,,,,,,,,,,,,,,,,,0.0,,,,,,,,,,,,,,,,,,,,,,,,,,,1.0,,,,,,,,,,,,,,,,,,,,,,,,,,,1.0,,,,,,,,,,,,,,,,,,,,,,,,,,,0.0,,,,,,,,,,,,,,,,,,,,,,,,,
trueAnswer_E-q_3,,option-1,,,,,,,,,,,,,,,,,,,,,,,,,,,option-2,,,,,,,,,,,,,,,,,,,,,,,,,,,option-2,,,,,,,,,,,,,,,,,,,,,,,,,,,option-2,,,,,,,,,,,,,,,,,,,,,,,,,,,option-2,,,,,,,,,,,,,,,,,,,,,,,,,
editDist_E-q_3,,1.0,,,,,,,,,,,,,,,,,,,,,,,,,,,0.6666666666666667,,,,,,,,,,,,,,,,,,,,,,,,,,,1.0,,,,,,,,,,,,,,,,,,,,,,,,,,,1.0,,,,,,,,,,,,,,,,,,,,,,,,,,,0.6666666666666667,,,,,,,,,,,,,,,,,,,,,,,,,
time_E-q_3,,9130.0,,,,,,,,,,,,,,,,,,,,,,,,,,,45825.0,,,,,,,,,,,,,,,,,,,,,,,,,,,7220.0,,,,,,,,,,,,,,,,,,,,,,,,,,,19864.0,,,,,,,,,,,,,,,,,,,,,,,,,,,6668.0,,,,,,,,,,,,,,,,,,,,,,,,,
hoverCount_E-q_3,,16.0,,,,,,,,,,,,,,,,,,,,,,,,,,,4.0,,,,,,,,,,,,,,,,,,,,,,,,,,,0.0,,,,,,,,,,,,,,,,,,,,,,,,,,,4.0,,,,,,,,,,,,,,,,,,,,,,,,,,,4.0,,,,,,,,,,,,,,,,,,,,,,,,,
panCount_E-q_3,,0.0,,,,,,,,,,,,,,,,,,,,,,,,,,,0.0,,,,,,,,,,,,,,,,,,,,,,,,,,,0.0,,,,,,,,,,,,,,,,,,,,,,,,,,,0.0,,,,,,,,,,,,,,,,,,,,,,,,,,,0.0,,,,,,,,,,,,,,,,,,,,,,,,,
zoomCount_E-q_3,,0.0,,,,,,,,,,,,,,,,,,,,,,,,,,,0.0,,,,,,,,,,,,,,,,,,,,,,,,,,,0.0,,,,,,,,,,,,,,,,,,,,,,,,,,,0.0,,,,,,,,,,,,,,,,,,,,,,,,,,,0.0,,,,,,,,,,,,,,,,,,,,,,,,,
dblclickCount_E-q_3,,0.0,,,,,,,,,,,,,,,,,,,,,,,,,,,0.0,,,,,,,,,,,,,,,,,,,,,,,,,,,0.0,,,,,,,,,,,,,,,,,,,,,,,,,,,0.0,,,,,,,,,,,,,,,,,,,,,,,,,,,0.0,,,,,,,,,,,,,,,,,,,,,,,,,
resetCount_E-q_3,,0.0,,,,,,,,,,,,,,,,,,,,,,,,,,,0.0,,,,,,,,,,,,,,,,,,,,,,,,,,,0.0,,,,,,,,,,,,,,,,,,,,,,,,,,,0.0,,,,,,,,,,,,,,,,,,,,,,,,,,,0.0,,,,,,,,,,,,,,,,,,,,,,,,,
graph_E-q_5,,,h_group_1,,,,,,,,,,,,,,,,,,,,,,,,,,,h_group_1,,,,,,,,,,,,,,,,,,,,,,,,,,,h_group_1,,,,,,,,,,,,,,,,,,,,,,,,,,,h_group_1,,,,,,,,,,,,,,,,,,,,,,,,,,,h_group_1,,,,,,,,,,,,,,,,,,,,,,,,
type_E-q_5,,,T4,,,,,,,,,,,,,,,,,,,,,,,,,,,T4,,,,,,,,,,,,,,,,,,,,,,,,,,,T4,,,,,,,,,,,,,,,,,,,,,,,,,,,T4,,,,,,,,,,,,,,,,,,,,,,,,,,,T4,,,,,,,,,,,,,,,,,,,,,,,,
E-q_5,,,option-2,,,,,,,,,,,,,,,,,,,,,,,,,,,option-1,,,,,,,,,,,,,,,,,,,,,,,,,,,option-1,,,,,,,,,,,,,,,,,,,,,,,,,,,option-1,,,,,,,,,,,,,,,,,,,,,,,,,,,option-1,,,,,,,,,,,,,,,,,,,,,,,,
correct_E-q_5,,,0.0,,,,,,,,,,,,,,,,,,,,,,,,,,,1.0,,,,,,,,,,,,,,,,,,,,,,,,,,,1.0,,,,,,,,,,,,,,,,,,,,,,,,,,,1.0,,,,,,,,,,,,,,,,,,,,,,,,,,,1.0,,,,,,,,,,,,,,,,,,,,,,,,
trueAnswer_E-q_5,,,option-4,,,,,,,,,,,,,,,,,,,,,,,,,,,option-1,,,,,,,,,,,,,,,,,,,,,,,,,,,option-1,,,,,,,,,,,,,,,,,,,,,,,,,,,option-1,,,,,,,,,,,,,,,,,,,,,,,,,,,option-1,,,,,,,,,,,,,,,,,,,,,,,,
editDist_E-q_5,,,0.33333333333333337,,,,,,,,,,,,,,,,,,,,,,,,,,,1.0,,,,,,,,,,,,,,,,,,,,,,,,,,,1.0,,,,,,,,,,,,,,,,,,,,,,,,,,,1.0,,,,,,,,,,,,,,,,,,,,,,,,,,,1.0,,,,,,,,,,,,,,,,,,,,,,,,
time_E-q_5,,,21020.0,,,,,,,,,,,,,,,,,,,,,,,,,,,16914.0,,,,,,,,,,,,,,,,,,,,,,,,,,,11876.0,,,,,,,,,,,,,,,,,,,,,,,,,,,12454.0,,,,,,,,,,,,,,,,,,,,,,,,,,,8044.0,,,,,,,,,,,,,,,,,,,,,,,,
hoverCount_E-q_5,,,23.0,,,,,,,,,,,,,,,,,,,,,,,,,,,16.0,,,,,,,,,,,,,,,,,,,,,,,,,,,17.0,,,,,,,,,,,,,,,,,,,,,,,,,,,1.0,,,,,,,,,,,,,,,,,,,,,,,,,,,1.0,,,,,,,,,,,,,,,,,,,,,,,,
panCount_E-q_5,,,0.0,,,,,,,,,,,,,,,,,,,,,,,,,,,0.0,,,,,,,,,,,,,,,,,,,,,,,,,,,0.0,,,,,,,,,,,,,,,,,,,,,,,,,,,0.0,,,,,,,,,,,,,,,,,,,,,,,,,,,0.0,,,,,,,,,,,,,,,,,,,,,,,,
zoomCount_E-q_5,,,0.0,,,,,,,,,,,,,,,,,,,,,,,,,,,0.0,,,,,,,,,,,,,,,,,,,,,,,,,,,0.0,,,,,,,,,,,,,,,,,,,,,,,,,,,0.0,,,,,,,,,,,,,,,,,,,,,,,,,,,0.0,,,,,,,,,,,,,,,,,,,,,,,,
dblclickCount_E-q_5,,,0.0,,,,,,,,,,,,,,,,,,,,,,,,,,,0.0,,,,,,,,,,,,,,,,,,,,,,,,,,,0.0,,,,,,,,,,,,,,,,,,,,,,,,,,,0.0,,,,,,,,,,,,,,,,,,,,,,,,,,,0.0,,,,,,,,,,,,,,,,,,,,,,,,
resetCount_E-q_5,,,0.0,,,,,,,,,,,,,,,,,,,,,,,,,,,0.0,,,,,,,,,,,,,,,,,,,,,,,,,,,0.0,,,,,,,,,,,,,,,,,,,,,,,,,,,0.0,,,,,,,,,,,,,,,,,,,,,,,,,,,0.0,,,,,,,,,,,,,,,,,,,,,,,,
graph_E-q_7,,,,h_group_2,,,,,,,,,,,,,,,,,,,,,,,,,,,h_group_2,,,,,,,,,,,,,,,,,,,,,,,,,,,h_group_2,,,,,,,,,,,,,,,,,,,,,,,,,,,h_group_2,,,,,,,,,,,,,,,,,,,,,,,,,,,h_group_2,,,,,,,,,,,,,,,,,,,,,,,
type_E-q_7,,,,T4,,,,,,,,,,,,,,,,,,,,,,,,,,,T4,,,,,,,,,,,,,,,,,,,,,,,,,,,T4,,,,,,,,,,,,,,,,,,,,,,,,,,,T4,,,,,,,,,,,,,,,,,,,,,,,,,,,T4,,,,,,,,,,,,,,,,,,,,,,,
E-q_7,,,,option-2,,,,,,,,,,,,,,,,,,,,,,,,,,,option-1,,,,,,,,,,,,,,,,,,,,,,,,,,,option-2,,,,,,,,,,,,,,,,,,,,,,,,,,,option-2,,,,,,,,,,,,,,,,,,,,,,,,,,,option-1,,,,,,,,,,,,,,,,,,,,,,,
correct_E-q_7,,,,0.0,,,,,,,,,,,,,,,,,,,,,,,,,,,0.0,,,,,,,,,,,,,,,,,,,,,,,,,,,1.0,,,,,,,,,,,,,,,,,,,,,,,,,,,1.0,,,,,,,,,,,,,,,,,,,,,,,,,,,0.0,,,,,,,,,,,,,,,,,,,,,,,
trueAnswer_E-q_7,,,,option-1,,,,,,,,,,,,,,,,,,,,,,,,,,,option-2,,,,,,,,,,,,,,,,,,,,,,,,,,,option-2,,,,,,,,,,,,,,,,,,,,,,,,,,,option-2,,,,,,,,,,,,,,,,,,,,,,,,,,,option-2,,,,,,,,,,,,,,,,,,,,,,,
editDist_E-q_7,,,,0.6666666666666667,,,,,,,,,,,,,,,,,,,,,,,,,,,0.6666666666666667,,,,,,,,,,,,,,,,,,,,,,,,,,,1.0,,,,,,,,,,,,,,,,,,,,,,,,,,,1.0,,,,,,,,,,,,,,,,,,,,,,,,,,,0.6666666666666667,,,,,,,,,,,,,,,,,,,,,,,
time_E-q_7,,,,41401.0,,,,,,,,,,,,,,,,,,,,,,,,,,,31140.0,,,,,,,,,,,,,,,,,,,,,,,,,,,24371.0,,,,,,,,,,,,,,,,,,,,,,,,,,,34409.0,,,,,,,,,,,,,,,,,,,,,,,,,,,10211.0,,,,,,,,,,,,,,,,,,,,,,,
hoverCount_E-q_7,,,,93.0,,,,,,,,,,,,,,,,,,,,,,,,,,,6.0,,,,,,,,,,,,,,,,,,,,,,,,,,,5.0,,,,,,,,,,,,,,,,,,,,,,,,,,,3.0,,,,,,,,,,,,,,,,,,,,,,,,,,,5.0,,,,,,,,,,,,,,,,,,,,,,,
panCount_E-q_7,,,,2.0,,,,,,,,,,,,,,,,,,,,,,,,,,,0.0,,,,,,,,,,,,,,,,,,,,,,,,,,,0.0,,,,,,,,,,,,,,,,,,,,,,,,,,,0.0,,,,,,,,,,,,,,,,,,,,,,,,,,,0.0,,,,,,,,,,,,,,,,,,,,,,,
zoomCount_E-q_7,,,,0.0,,,,,,,,,,,,,,,,,,,,,,,,,,,0.0,,,,,,,,,,,,,,,,,,,,,,,,,,,0.0,,,,,,,,,,,,,,,,,,,,,,,,,,,0.0,,,,,,,,,,,,,,,,,,,,,,,,,,,0.0,,,,,,,,,,,,,,,,,,,,,,,
dblclickCount_E-q_7,,,,1.0,,,,,,,,,,,,,,,,,,,,,,,,,,,0.0,,,,,,,,,,,,,,,,,,,,,,,,,,,0.0,,,,,,,,,,,,,,,,,,,,,,,,,,,0.0,,,,,,,,,,,,,,,,,,,,,,,,,,,0.0,,,,,,,,,,,,,,,,,,,,,,,
resetCount_E-q_7,,,,0.0,,,,,,,,,,,,,,,,,,,,,,,,,,,0.0,,,,,,,,,,,,,,,,,,,,,,,,,,,0.0,,,,,,,,,,,,,,,,,,,,,,,,,,,0.0,,,,,,,,,,,,,,,,,,,,,,,,,,,0.0,,,,,,,,,,,,,,,,,,,,,,,
graph_E-q_9,,,,,s_group_0,,,,,,,,,,,,,,,,,,,,,,,,,,,s_group_0,,,,,,,,,,,,,,,,,,,,,,,,,,,s_group_0,,,,,,,,,,,,,,,,,,,,,,,,,,,s_group_0,,,,,,,,,,,,,,,,,,,,,,,,,,,s_group_0,,,,,,,,,,,,,,,,,,,,,,
type_E-q_9,,,,,T4,,,,,,,,,,,,,,,,,,,,,,,,,,,T4,,,,,,,,,,,,,,,,,,,,,,,,,,,T4,,,,,,,,,,,,,,,,,,,,,,,,,,,T4,,,,,,,,,,,,,,,,,,,,,,,,,,,T4,,,,,,,,,,,,,,,,,,,,,,
E-q_9,,,,,option-1,,,,,,,,,,,,,,,,,,,,,,,,,,,option-2,,,,,,,,,,,,,,,,,,,,,,,,,,,option-2,,,,,,,,,,,,,,,,,,,,,,,,,,,option-1,,,,,,,,,,,,,,,,,,,,,,,,,,,option-2,,,,,,,,,,,,,,,,,,,,,,
correct_E-q_9,,,,,1.0,,,,,,,,,,,,,,,,,,,,,,,,,,,1.0,,,,,,,,,,,,,,,,,,,,,,,,,,,1.0,,,,,,,,,,,,,,,,,,,,,,,,,,,0.0,,,,,,,,,,,,,,,,,,,,,,,,,,,1.0,,,,,,,,,,,,,,,,,,,,,,
trueAnswer_E-q_9,,,,,option-1,,,,,,,,,,,,,,,,,,,,,,,,,,,option-2,,,,,,,,,,,,,,,,,,,,,,,,,,,option-2,,,,,,,,,,,,,,,,,,,,,,,,,,,option-2,,,,,,,,,,,,,,,,,,,,,,,,,,,option-2,,,,,,,,,,,,,,,,,,,,,,
editDist_E-q_9,,,,,1.0,,,,,,,,,,,,,,,,,,,,,,,,,,,1.0,,,,,,,,,,,,,,,,,,,,,,,,,,,1.0,,,,,,,,,,,,,,,,,,,,,,,,,,,0.6666666666666667,,,,,,,,,,,,,,,,,,,,,,,,,,,1.0,,,,,,,,,,,,,,,,,,,,,,
time_E-q_9,,,,,16452.0,,,,,,,,,,,,,,,,,,,,,,,,,,,8347.0,,,,,,,,,,,,,,,,,,,,,,,,,,,13809.0,,,,,,,,,,,,,,,,,,,,,,,,,,,13744.0,,,,,,,,,,,,,,,,,,,,,,,,,,,5866.0,,,,,,,,,,,,,,,,,,,,,,
hoverCount_E-q_9,,,,,37.0,,,,,,,,,,,,,,,,,,,,,,,,,,,2.0,,,,,,,,,,,,,,,,,,,,,,,,,,,3.0,,,,,,,,,,,,,,,,,,,,,,,,,,,1.0,,,,,,,,,,,,,,,,,,,,,,,,,,,1.0,,,,,,,,,,,,,,,,,,,,,,
panCount_E-q_9,,,,,0.0,,,,,,,,,,,,,,,,,,,,,,,,,,,0.0,,,,,,,,,,,,,,,,,,,,,,,,,,,0.0,,,,,,,,,,,,,,,,,,,,,,,,,,,0.0,,,,,,,,,,,,,,,,,,,,,,,,,,,0.0,,,,,,,,,,,,,,,,,,,,,,
zoomCount_E-q_9,,,,,0.0,,,,,,,,,,,,,,,,,,,,,,,,,,,0.0,,,,,,,,,,,,,,,,,,,,,,,,,,,0.0,,,,,,,,,,,,,,,,,,,,,,,,,,,0.0,,,,,,,,,,,,,,,,,,,,,,,,,,,0.0,,,,,,,,,,,,,,,,,,,,,,
dblclickCount_E-q_9,,,,,0.0,,,,,,,,,,,,,,,,,,,,,,,,,,,0.0,,,,,,,,,,,,,,,,,,,,,,,,,,,0.0,,,,,,,,,,,,,,,,,,,,,,,,,,,0.0,,,,,,,,,,,,,,,,,,,,,,,,,,,0.0,,,,,,,,,,,,,,,,,,,,,,
resetCount_E-q_9,,,,,0.0,,,,,,,,,,,,,,,,,,,,,,,,,,,0.0,,,,,,,,,,,,,,,,,,,,,,,,,,,0.0,,,,,,,,,,,,,,,,,,,,,,,,,,,0.0,,,,,,,,,,,,,,,,,,,,,,,,,,,0.0,,,,,,,,,,,,,,,,,,,,,,
graph_E-q_10,,,,,,e_group_0,,,,,,,,,,,,,,,,,,,,,,,,,,,e_group_0,,,,,,,,,,,,,,,,,,,,,,,,,,,e_group_0,,,,,,,,,,,,,,,,,,,,,,,,,,,e_group_0,,,,,,,,,,,,,,,,,,,,,,,,,,,e_group_0,,,,,,,,,,,,,,,,,,,,,
type_E-q_10,,,,,,T4,,,,,,,,,,,,,,,,,,,,,,,,,,,T4,,,,,,,,,,,,,,,,,,,,,,,,,,,T4,,,,,,,,,,,,,,,,,,,,,,,,,,,T4,,,,,,,,,,,,,,,,,,,,,,,,,,,T4,,,,,,,,,,,,,,,,,,,,,
E-q_10,,,,,,option-1,,,,,,,,,,,,,,,,,,,,,,,,,,,option-1,,,,,,,,,,,,,,,,,,,,,,,,,,,option-1,,,,,,,,,,,,,,,,,,,,,,,,,,,option-1,,,,,,,,,,,,,,,,,,,,,,,,,,,option-1,,,,,,,,,,,,,,,,,,,,,
correct_E-q_10,,,,,,1.0,,,,,,,,,,,,,,,,,,,,,,,,,,,1.0,,,,,,,,,,,,,,,,,,,,,,,,,,,1.0,,,,,,,,,,,,,,,,,,,,,,,,,,,1.0,,,,,,,,,,,,,,,,,,,,,,,,,,,1.0,,,,,,,,,,,,,,,,,,,,,
trueAnswer_E-q_10,,,,,,option-1,,,,,,,,,,,,,,,,,,,,,,,,,,,option-1,,,,,,,,,,,,,,,,,,,,,,,,,,,option-1,,,,,,,,,,,,,,,,,,,,,,,,,,,option-1,,,,,,,,,,,,,,,,,,,,,,,,,,,option-1,,,,,,,,,,,,,,,,,,,,,
editDist_E-q_10,,,,,,1.0,,,,,,,,,,,,,,,,,,,,,,,,,,,1.0,,,,,,,,,,,,,,,,,,,,,,,,,,,1.0,,,,,,,,,,,,,,,,,,,,,,,,,,,1.0,,,,,,,,,,,,,,,,,,,,,,,,,,,1.0,,,,,,,,,,,,,,,,,,,,,
time_E-q_10,,,,,,22614.0,,,,,,,,,,,,,,,,,,,,,,,,,,,79619.0,,,,,,,,,,,,,,,,,,,,,,,,,,,5086.0,,,,,,,,,,,,,,,,,,,,,,,,,,,6928.0,,,,,,,,,,,,,,,,,,,,,,,,,,,4120.0,,,,,,,,,,,,,,,,,,,,,
hoverCount_E-q_10,,,,,,16.0,,,,,,,,,,,,,,,,,,,,,,,,,,,29.0,,,,,,,,,,,,,,,,,,,,,,,,,,,3.0,,,,,,,,,,,,,,,,,,,,,,,,,,,13.0,,,,,,,,,,,,,,,,,,,,,,,,,,,1.0,,,,,,,,,,,,,,,,,,,,,
panCount_E-q_10,,,,,,0.0,,,,,,,,,,,,,,,,,,,,,,,,,,,6.0,,,,,,,,,,,,,,,,,,,,,,,,,,,0.0,,,,,,,,,,,,,,,,,,,,,,,,,,,0.0,,,,,,,,,,,,,,,,,,,,,,,,,,,0.0,,,,,,,,,,,,,,,,,,,,,
zoomCount_E-q_10,,,,,,0.0,,,,,,,,,,,,,,,,,,,,,,,,,,,0.0,,,,,,,,,,,,,,,,,,,,,,,,,,,0.0,,,,,,,,,,,,,,,,,,,,,,,,,,,0.0,,,,,,,,,,,,,,,,,,,,,,,,,,,0.0,,,,,,,,,,,,,,,,,,,,,
dblclickCount_E-q_10,,,,,,0.0,,,,,,,,,,,,,,,,,,,,,,,,,,,0.0,,,,,,,,,,,,,,,,,,,,,,,,,,,0.0,,,,,,,,,,,,,,,,,,,,,,,,,,,0.0,,,,,,,,,,,,,,,,,,,,,,,,,,,0.0,,,,,,,,,,,,,,,,,,,,,
resetCount_E-q_10,,,,,,0.0,,,,,,,,,,,,,,,,,,,,,,,,,,,0.0,,,,,,,,,,,,,,,,,,,,,,,,,,,0.0,,,,,,,,,,,,,,,,,,,,,,,,,,,0.0,,,,,,,,,,,,,,,,,,,,,,,,,,,0.0,,,,,,,,,,,,,,,,,,,,,
graph_E-q_12,,,,,,,s_group_1,,,,,,,,,,,,,,,,,,,,,,,,,,,s_group_1,,,,,,,,,,,,,,,,,,,,,,,,,,,s_group_1,,,,,,,,,,,,,,,,,,,,,,,,,,,s_group_1,,,,,,,,,,,,,,,,,,,,,,,,,,,s_group_1,,,,,,,,,,,,,,,,,,,,
type_E-q_12,,,,,,,T4,,,,,,,,,,,,,,,,,,,,,,,,,,,T4,,,,,,,,,,,,,,,,,,,,,,,,,,,T4,,,,,,,,,,,,,,,,,,,,,,,,,,,T4,,,,,,,,,,,,,,,,,,,,,,,,,,,T4,,,,,,,,,,,,,,,,,,,,
E-q_12,,,,,,,option-1,,,,,,,,,,,,,,,,,,,,,,,,,,,option-2,,,,,,,,,,,,,,,,,,,,,,,,,,,option-2,,,,,,,,,,,,,,,,,,,,,,,,,,,option-2,,,,,,,,,,,,,,,,,,,,,,,,,,,option-2,,,,,,,,,,,,,,,,,,,,
correct_E-q_12,,,,,,,1.0,,,,,,,,,,,,,,,,,,,,,,,,,,,1.0,,,,,,,,,,,,,,,,,,,,,,,,,,,1.0,,,,,,,,,,,,,,,,,,,,,,,,,,,1.0,,,,,,,,,,,,,,,,,,,,,,,,,,,1.0,,,,,,,,,,,,,,,,,,,,
trueAnswer_E-q_12,,,,,,,option-1,,,,,,,,,,,,,,,,,,,,,,,,,,,option-2,,,,,,,,,,,,,,,,,,,,,,,,,,,option-2,,,,,,,,,,,,,,,,,,,,,,,,,,,option-2,,,,,,,,,,,,,,,,,,,,,,,,,,,option-2,,,,,,,,,,,,,,,,,,,,
editDist_E-q_12,,,,,,,1.0,,,,,,,,,,,,,,,,,,,,,,,,,,,1.0,,,,,,,,,,,,,,,,,,,,,,,,,,,1.0,,,,,,,,,,,,,,,,,,,,,,,,,,,1.0,,,,,,,,,,,,,,,,,,,,,,,,,,,1.0,,,,,,,,,,,,,,,,,,,,
time_E-q_12,,,,,,,43268.0,,,,,,,,,,,,,,,,,,,,,,,,,,,21476.0,,,,,,,,,,,,,,,,,,,,,,,,,,,9726.0,,,,,,,,,,,,,,,,,,,,,,,,,,,18834.0,,,,,,,,,,,,,,,,,,,,,,,,,,,6658.0,,,,,,,,,,,,,,,,,,,,
hoverCount_E-q_12,,,,,,,41.0,,,,,,,,,,,,,,,,,,,,,,,,,,,8.0,,,,,,,,,,,,,,,,,,,,,,,,,,,0.0,,,,,,,,,,,,,,,,,,,,,,,,,,,0.0,,,,,,,,,,,,,,,,,,,,,,,,,,,1.0,,,,,,,,,,,,,,,,,,,,
panCount_E-q_12,,,,,,,0.0,,,,,,,,,,,,,,,,,,,,,,,,,,,0.0,,,,,,,,,,,,,,,,,,,,,,,,,,,0.0,,,,,,,,,,,,,,,,,,,,,,,,,,,0.0,,,,,,,,,,,,,,,,,,,,,,,,,,,0.0,,,,,,,,,,,,,,,,,,,,
zoomCount_E-q_12,,,,,,,0.0,,,,,,,,,,,,,,,,,,,,,,,,,,,0.0,,,,,,,,,,,,,,,,,,,,,,,,,,,0.0,,,,,,,,,,,,,,,,,,,,,,,,,,,0.0,,,,,,,,,,,,,,,,,,,,,,,,,,,0.0,,,,,,,,,,,,,,,,,,,,
dblclickCount_E-q_12,,,,,,,0.0,,,,,,,,,,,,,,,,,,,,,,,,,,,0.0,,,,,,,,,,,,,,,,,,,,,,,,,,,0.0,,,,,,,,,,,,,,,,,,,,,,,,,,,0.0,,,,,,,,,,,,,,,,,,,,,,,,,,,0.0,,,,,,,,,,,,,,,,,,,,
resetCount_E-q_12,,,,,,,0.0,,,,,,,,,,,,,,,,,,,,,,,,,,,0.0,,,,,,,,,,,,,,,,,,,,,,,,,,,0.0,,,,,,,,,,,,,,,,,,,,,,,,,,,0.0,,,,,,,,,,,,,,,,,,,,,,,,,,,0.0,,,,,,,,,,,,,,,,,,,,
graph_E-q_14,,,,,,,,s_group_2,,,,,,,,,,,,,,,,,,,,,,,,,,,s_group_2,,,,,,,,,,,,,,,,,,,,,,,,,,,s_group_2,,,,,,,,,,,,,,,,,,,,,,,,,,,s_group_2,,,,,,,,,,,,,,,,,,,,,,,,,,,s_group_2,,,,,,,,,,,,,,,,,,,
type_E-q_14,,,,,,,,T4,,,,,,,,,,,,,,,,,,,,,,,,,,,T4,,,,,,,,,,,,,,,,,,,,,,,,,,,T4,,,,,,,,,,,,,,,,,,,,,,,,,,,T4,,,,,,,,,,,,,,,,,,,,,,,,,,,T4,,,,,,,,,,,,,,,,,,,
E-q_14,,,,,,,,option-2,,,,,,,,,,,,,,,,,,,,,,,,,,,option-3,,,,,,,,,,,,,,,,,,,,,,,,,,,option-2,,,,,,,,,,,,,,,,,,,,,,,,,,,option-3,,,,,,,,,,,,,,,,,,,,,,,,,,,option-2,,,,,,,,,,,,,,,,,,,
correct_E-q_14,,,,,,,,0.0,,,,,,,,,,,,,,,,,,,,,,,,,,,1.0,,,,,,,,,,,,,,,,,,,,,,,,,,,0.0,,,,,,,,,,,,,,,,,,,,,,,,,,,1.0,,,,,,,,,,,,,,,,,,,,,,,,,,,0.0,,,,,,,,,,,,,,,,,,,
trueAnswer_E-q_14,,,,,,,,option-1,,,,,,,,,,,,,,,,,,,,,,,,,,,option-3,,,,,,,,,,,,,,,,,,,,,,,,,,,option-3,,,,,,,,,,,,,,,,,,,,,,,,,,,option-3,,,,,,,,,,,,,,,,,,,,,,,,,,,option-3,,,,,,,,,,,,,,,,,,,
editDist_E-q_14,,,,,,,,0.6666666666666667,,,,,,,,,,,,,,,,,,,,,,,,,,,1.0,,,,,,,,,,,,,,,,,,,,,,,,,,,0.6666666666666667,,,,,,,,,,,,,,,,,,,,,,,,,,,1.0,,,,,,,,,,,,,,,,,,,,,,,,,,,0.6666666666666667,,,,,,,,,,,,,,,,,,,
time_E-q_14,,,,,,,,26185.0,,,,,,,,,,,,,,,,,,,,,,,,,,,28168.0,,,,,,,,,,,,,,,,,,,,,,,,,,,5011.0,,,,,,,,,,,,,,,,,,,,,,,,,,,59628.0,,,,,,,,,,,,,,,,,,,,,,,,,,,10359.0,,,,,,,,,,,,,,,,,,,
hoverCount_E-q_14,,,,,,,,55.0,,,,,,,,,,,,,,,,,,,,,,,,,,,3.0,,,,,,,,,,,,,,,,,,,,,,,,,,,6.0,,,,,,,,,,,,,,,,,,,,,,,,,,,74.0,,,,,,,,,,,,,,,,,,,,,,,,,,,6.0,,,,,,,,,,,,,,,,,,,
panCount_E-q_14,,,,,,,,0.0,,,,,,,,,,,,,,,,,,,,,,,,,,,0.0,,,,,,,,,,,,,,,,,,,,,,,,,,,0.0,,,,,,,,,,,,,,,,,,,,,,,,,,,0.0,,,,,,,,,,,,,,,,,,,,,,,,,,,0.0,,,,,,,,,,,,,,,,,,,
zoomCount_E-q_14,,,,,,,,0.0,,,,,,,,,,,,,,,,,,,,,,,,,,,0.0,,,,,,,,,,,,,,,,,,,,,,,,,,,0.0,,,,,,,,,,,,,,,,,,,,,,,,,,,0.0,,,,,,,,,,,,,,,,,,,,,,,,,,,0.0,,,,,,,,,,,,,,,,,,,
dblclickCount_E-q_14,,,,,,,,0.0,,,,,,,,,,,,,,,,,,,,,,,,,,,0.0,,,,,,,,,,,,,,,,,,,,,,,,,,,0.0,,,,,,,,,,,,,,,,,,,,,,,,,,,0.0,,,,,,,,,,,,,,,,,,,,,,,,,,,0.0,,,,,,,,,,,,,,,,,,,
resetCount_E-q_14,,,,,,,,0.0,,,,,,,,,,,,,,,,,,,,,,,,,,,0.0,,,,,,,,,,,,,,,,,,,,,,,,,,,0.0,,,,,,,,,,,,,,,,,,,,,,,,,,,0.0,,,,,,,,,,,,,,,,,,,,,,,,,,,0.0,,,,,,,,,,,,,,,,,,,
graph_E-q_17,,,,,,,,,e_group_1,,,,,,,,,,,,,,,,,,,,,,,,,,,e_group_1,,,,,,,,,,,,,,,,,,,,,,,,,,,e_group_1,,,,,,,,,,,,,,,,,,,,,,,,,,,e_group_1,,,,,,,,,,,,,,,,,,,,,,,,,,,e_group_1,,,,,,,,,,,,,,,,,,
type_E-q_17,,,,,,,,,T4,,,,,,,,,,,,,,,,,,,,,,,,,,,T4,,,,,,,,,,,,,,,,,,,,,,,,,,,T4,,,,,,,,,,,,,,,,,,,,,,,,,,,T4,,,,,,,,,,,,,,,,,,,,,,,,,,,T4,,,,,,,,,,,,,,,,,,
E-q_17,,,,,,,,,option-3,,,,,,,,,,,,,,,,,,,,,,,,,,,option-3,,,,,,,,,,,,,,,,,,,,,,,,,,,option-1,,,,,,,,,,,,,,,,,,,,,,,,,,,option-1,,,,,,,,,,,,,,,,,,,,,,,,,,,option-2,,,,,,,,,,,,,,,,,,
correct_E-q_17,,,,,,,,,0.0,,,,,,,,,,,,,,,,,,,,,,,,,,,1.0,,,,,,,,,,,,,,,,,,,,,,,,,,,0.0,,,,,,,,,,,,,,,,,,,,,,,,,,,0.0,,,,,,,,,,,,,,,,,,,,,,,,,,,0.0,,,,,,,,,,,,,,,,,,
trueAnswer_E-q_17,,,,,,,,,option-2,,,,,,,,,,,,,,,,,,,,,,,,,,,option-3,,,,,,,,,,,,,,,,,,,,,,,,,,,option-3,,,,,,,,,,,,,,,,,,,,,,,,,,,option-3,,,,,,,,,,,,,,,,,,,,,,,,,,,option-3,,,,,,,,,,,,,,,,,,
editDist_E-q_17,,,,,,,,,0.6666666666666667,,,,,,,,,,,,,,,,,,,,,,,,,,,1.0,,,,,,,,,,,,,,,,,,,,,,,,,,,0.33333333333333337,,,,,,,,,,,,,,,,,,,,,,,,,,,0.33333333333333337,,,,,,,,,,,,,,,,,,,,,,,,,,,0.6666666666666667,,,,,,,,,,,,,,,,,,
time_E-q_17,,,,,,,,,10152.0,,,,,,,,,,,,,,,,,,,,,,,,,,,42558.0,,,,,,,,,,,,,,,,,,,,,,,,,,,15618.0,,,,,,,,,,,,,,,,,,,,,,,,,,,9096.0,,,,,,,,,,,,,,,,,,,,,,,,,,,3706.0,,,,,,,,,,,,,,,,,,
hoverCount_E-q_17,,,,,,,,,13.0,,,,,,,,,,,,,,,,,,,,,,,,,,,0.0,,,,,,,,,,,,,,,,,,,,,,,,,,,1.0,,,,,,,,,,,,,,,,,,,,,,,,,,,0.0,,,,,,,,,,,,,,,,,,,,,,,,,,,2.0,,,,,,,,,,,,,,,,,,
panCount_E-q_17,,,,,,,,,0.0,,,,,,,,,,,,,,,,,,,,,,,,,,,0.0,,,,,,,,,,,,,,,,,,,,,,,,,,,0.0,,,,,,,,,,,,,,,,,,,,,,,,,,,0.0,,,,,,,,,,,,,,,,,,,,,,,,,,,0.0,,,,,,,,,,,,,,,,,,
zoomCount_E-q_17,,,,,,,,,0.0,,,,,,,,,,,,,,,,,,,,,,,,,,,0.0,,,,,,,,,,,,,,,,,,,,,,,,,,,0.0,,,,,,,,,,,,,,,,,,,,,,,,,,,0.0,,,,,,,,,,,,,,,,,,,,,,,,,,,0.0,,,,,,,,,,,,,,,,,,
dblclickCount_E-q_17,,,,,,,,,0.0,,,,,,,,,,,,,,,,,,,,,,,,,,,0.0,,,,,,,,,,,,,,,,,,,,,,,,,,,0.0,,,,,,,,,,,,,,,,,,,,,,,,,,,0.0,,,,,,,,,,,,,,,,,,,,,,,,,,,0.0,,,,,,,,,,,,,,,,,,
resetCount_E-q_17,,,,,,,,,0.0,,,,,,,,,,,,,,,,,,,,,,,,,,,0.0,,,,,,,,,,,,,,,,,,,,,,,,,,,0.0,,,,,,,,,,,,,,,,,,,,,,,,,,,0.0,,,,,,,,,,,,,,,,,,,,,,,,,,,0.0,,,,,,,,,,,,,,,,,,
graph_H-q_1,,,,,,,,,,e_group_2,,,,,,,,,,,,,,,,,,,,,,,,,,,e_group_2,,,,,,,,,,,,,,,,,,,,,,,,,,,e_group_2,,,,,,,,,,,,,,,,,,,,,,,,,,,e_group_2,,,,,,,,,,,,,,,,,,,,,,,,,,,e_group_2,,,,,,,,,,,,,,,,,
type_H-q_1,,,,,,,,,,T4,,,,,,,,,,,,,,,,,,,,,,,,,,,T4,,,,,,,,,,,,,,,,,,,,,,,,,,,T4,,,,,,,,,,,,,,,,,,,,,,,,,,,T4,,,,,,,,,,,,,,,,,,,,,,,,,,,T4,,,,,,,,,,,,,,,,,
H-q_1,,,,,,,,,,option-2,,,,,,,,,,,,,,,,,,,,,,,,,,,option-3,,,,,,,,,,,,,,,,,,,,,,,,,,,option-1,,,,,,,,,,,,,,,,,,,,,,,,,,,option-3,,,,,,,,,,,,,,,,,,,,,,,,,,,option-2,,,,,,,,,,,,,,,,,
correct_H-q_1,,,,,,,,,,1.0,,,,,,,,,,,,,,,,,,,,,,,,,,,1.0,,,,,,,,,,,,,,,,,,,,,,,,,,,0.0,,,,,,,,,,,,,,,,,,,,,,,,,,,1.0,,,,,,,,,,,,,,,,,,,,,,,,,,,0.0,,,,,,,,,,,,,,,,,
trueAnswer_H-q_1,,,,,,,,,,option-2,,,,,,,,,,,,,,,,,,,,,,,,,,,option-3,,,,,,,,,,,,,,,,,,,,,,,,,,,option-2,,,,,,,,,,,,,,,,,,,,,,,,,,,option-3,,,,,,,,,,,,,,,,,,,,,,,,,,,option-3,,,,,,,,,,,,,,,,,
editDist_H-q_1,,,,,,,,,,1.0,,,,,,,,,,,,,,,,,,,,,,,,,,,1.0,,,,,,,,,,,,,,,,,,,,,,,,,,,0.6666666666666667,,,,,,,,,,,,,,,,,,,,,,,,,,,1.0,,,,,,,,,,,,,,,,,,,,,,,,,,,0.6666666666666667,,,,,,,,,,,,,,,,,
time_H-q_1,,,,,,,,,,15306.0,,,,,,,,,,,,,,,,,,,,,,,,,,,16348.0,,,,,,,,,,,,,,,,,,,,,,,,,,,23750.0,,,,,,,,,,,,,,,,,,,,,,,,,,,15519.0,,,,,,,,,,,,,,,,,,,,,,,,,,,10859.0,,,,,,,,,,,,,,,,,
hoverCount_H-q_1,,,,,,,,,,1.0,,,,,,,,,,,,,,,,,,,,,,,,,,,9.0,,,,,,,,,,,,,,,,,,,,,,,,,,,4.0,,,,,,,,,,,,,,,,,,,,,,,,,,,2.0,,,,,,,,,,,,,,,,,,,,,,,,,,,15.0,,,,,,,,,,,,,,,,,
panCount_H-q_1,,,,,,,,,,1.0,,,,,,,,,,,,,,,,,,,,,,,,,,,8.0,,,,,,,,,,,,,,,,,,,,,,,,,,,9.0,,,,,,,,,,,,,,,,,,,,,,,,,,,2.0,,,,,,,,,,,,,,,,,,,,,,,,,,,9.0,,,,,,,,,,,,,,,,,
zoomCount_H-q_1,,,,,,,,,,0.0,,,,,,,,,,,,,,,,,,,,,,,,,,,9.0,,,,,,,,,,,,,,,,,,,,,,,,,,,36.0,,,,,,,,,,,,,,,,,,,,,,,,,,,0.0,,,,,,,,,,,,,,,,,,,,,,,,,,,0.0,,,,,,,,,,,,,,,,,
dblclickCount_H-q_1,,,,,,,,,,0.0,,,,,,,,,,,,,,,,,,,,,,,,,,,0.0,,,,,,,,,,,,,,,,,,,,,,,,,,,0.0,,,,,,,,,,,,,,,,,,,,,,,,,,,0.0,,,,,,,,,,,,,,,,,,,,,,,,,,,0.0,,,,,,,,,,,,,,,,,
resetCount_H-q_1,,,,,,,,,,0.0,,,,,,,,,,,,,,,,,,,,,,,,,,,0.0,,,,,,,,,,,,,,,,,,,,,,,,,,,0.0,,,,,,,,,,,,,,,,,,,,,,,,,,,0.0,,,,,,,,,,,,,,,,,,,,,,,,,,,0.0,,,,,,,,,,,,,,,,,
graph_H-q_3,,,,,,,,,,,h_group_0,,,,,,,,,,,,,,,,,,,,,,,,,,,h_group_0,,,,,,,,,,,,,,,,,,,,,,,,,,,h_group_0,,,,,,,,,,,,,,,,,,,,,,,,,,,h_group_0,,,,,,,,,,,,,,,,,,,,,,,,,,,h_group_0,,,,,,,,,,,,,,,,
type_H-q_3,,,,,,,,,,,T4,,,,,,,,,,,,,,,,,,,,,,,,,,,T4,,,,,,,,,,,,,,,,,,,,,,,,,,,T4,,,,,,,,,,,,,,,,,,,,,,,,,,,T4,,,,,,,,,,,,,,,,,,,,,,,,,,,T4,,,,,,,,,,,,,,,,
H-q_3,,,,,,,,,,,option-2,,,,,,,,,,,,,,,,,,,,,,,,,,,option-1,,,,,,,,,,,,,,,,,,,,,,,,,,,option-2,,,,,,,,,,,,,,,,,,,,,,,,,,,option-1,,,,,,,,,,,,,,,,,,,,,,,,,,,option-1,,,,,,,,,,,,,,,,
correct_H-q_3,,,,,,,,,,,1.0,,,,,,,,,,,,,,,,,,,,,,,,,,,1.0,,,,,,,,,,,,,,,,,,,,,,,,,,,1.0,,,,,,,,,,,,,,,,,,,,,,,,,,,1.0,,,,,,,,,,,,,,,,,,,,,,,,,,,1.0,,,,,,,,,,,,,,,,
trueAnswer_H-q_3,,,,,,,,,,,option-2,,,,,,,,,,,,,,,,,,,,,,,,,,,option-1,,,,,,,,,,,,,,,,,,,,,,,,,,,option-2,,,,,,,,,,,,,,,,,,,,,,,,,,,option-1,,,,,,,,,,,,,,,,,,,,,,,,,,,option-1,,,,,,,,,,,,,,,,
editDist_H-q_3,,,,,,,,,,,1.0,,,,,,,,,,,,,,,,,,,,,,,,,,,1.0,,,,,,,,,,,,,,,,,,,,,,,,,,,1.0,,,,,,,,,,,,,,,,,,,,,,,,,,,1.0,,,,,,,,,,,,,,,,,,,,,,,,,,,1.0,,,,,,,,,,,,,,,,
time_H-q_3,,,,,,,,,,,29509.0,,,,,,,,,,,,,,,,,,,,,,,,,,,31907.0,,,,,,,,,,,,,,,,,,,,,,,,,,,23422.0,,,,,,,,,,,,,,,,,,,,,,,,,,,12339.0,,,,,,,,,,,,,,,,,,,,,,,,,,,7359.0,,,,,,,,,,,,,,,,
hoverCount_H-q_3,,,,,,,,,,,7.0,,,,,,,,,,,,,,,,,,,,,,,,,,,1.0,,,,,,,,,,,,,,,,,,,,,,,,,,,5.0,,,,,,,,,,,,,,,,,,,,,,,,,,,0.0,,,,,,,,,,,,,,,,,,,,,,,,,,,1.0,,,,,,,,,,,,,,,,
panCount_H-q_3,,,,,,,,,,,8.0,,,,,,,,,,,,,,,,,,,,,,,,,,,16.0,,,,,,,,,,,,,,,,,,,,,,,,,,,0.0,,,,,,,,,,,,,,,,,,,,,,,,,,,4.0,,,,,,,,,,,,,,,,,,,,,,,,,,,5.0,,,,,,,,,,,,,,,,
zoomCount_H-q_3,,,,,,,,,,,22.0,,,,,,,,,,,,,,,,,,,,,,,,,,,25.0,,,,,,,,,,,,,,,,,,,,,,,,,,,85.0,,,,,,,,,,,,,,,,,,,,,,,,,,,0.0,,,,,,,,,,,,,,,,,,,,,,,,,,,0.0,,,,,,,,,,,,,,,,
dblclickCount_H-q_3,,,,,,,,,,,0.0,,,,,,,,,,,,,,,,,,,,,,,,,,,0.0,,,,,,,,,,,,,,,,,,,,,,,,,,,0.0,,,,,,,,,,,,,,,,,,,,,,,,,,,0.0,,,,,,,,,,,,,,,,,,,,,,,,,,,0.0,,,,,,,,,,,,,,,,
resetCount_H-q_3,,,,,,,,,,,0.0,,,,,,,,,,,,,,,,,,,,,,,,,,,0.0,,,,,,,,,,,,,,,,,,,,,,,,,,,0.0,,,,,,,,,,,,,,,,,,,,,,,,,,,0.0,,,,,,,,,,,,,,,,,,,,,,,,,,,0.0,,,,,,,,,,,,,,,,
graph_H-q_5,,,,,,,,,,,,h_group_1,,,,,,,,,,,,,,,,,,,,,,,,,,,h_group_1,,,,,,,,,,,,,,,,,,,,,,,,,,,h_group_1,,,,,,,,,,,,,,,,,,,,,,,,,,,h_group_1,,,,,,,,,,,,,,,,,,,,,,,,,,,h_group_1,,,,,,,,,,,,,,,
type_H-q_5,,,,,,,,,,,,T4,,,,,,,,,,,,,,,,,,,,,,,,,,,T4,,,,,,,,,,,,,,,,,,,,,,,,,,,T4,,,,,,,,,,,,,,,,,,,,,,,,,,,T4,,,,,,,,,,,,,,,,,,,,,,,,,,,T4,,,,,,,,,,,,,,,
H-q_5,,,,,,,,,,,,option-1,,,,,,,,,,,,,,,,,,,,,,,,,,,option-3,,,,,,,,,,,,,,,,,,,,,,,,,,,option-1,,,,,,,,,,,,,,,,,,,,,,,,,,,option-2,,,,,,,,,,,,,,,,,,,,,,,,,,,option-3,,,,,,,,,,,,,,,
correct_H-q_5,,,,,,,,,,,,1.0,,,,,,,,,,,,,,,,,,,,,,,,,,,0.0,,,,,,,,,,,,,,,,,,,,,,,,,,,1.0,,,,,,,,,,,,,,,,,,,,,,,,,,,0.0,,,,,,,,,,,,,,,,,,,,,,,,,,,0.0,,,,,,,,,,,,,,,
trueAnswer_H-q_5,,,,,,,,,,,,option-1,,,,,,,,,,,,,,,,,,,,,,,,,,,option-4,,,,,,,,,,,,,,,,,,,,,,,,,,,option-1,,,,,,,,,,,,,,,,,,,,,,,,,,,option-4,,,,,,,,,,,,,,,,,,,,,,,,,,,option-4,,,,,,,,,,,,,,,
editDist_H-q_5,,,,,,,,,,,,1.0,,,,,,,,,,,,,,,,,,,,,,,,,,,0.6666666666666667,,,,,,,,,,,,,,,,,,,,,,,,,,,1.0,,,,,,,,,,,,,,,,,,,,,,,,,,,0.33333333333333337,,,,,,,,,,,,,,,,,,,,,,,,,,,0.6666666666666667,,,,,,,,,,,,,,,
time_H-q_5,,,,,,,,,,,,28069.0,,,,,,,,,,,,,,,,,,,,,,,,,,,12650.0,,,,,,,,,,,,,,,,,,,,,,,,,,,22728.0,,,,,,,,,,,,,,,,,,,,,,,,,,,41921.0,,,,,,,,,,,,,,,,,,,,,,,,,,,4735.0,,,,,,,,,,,,,,,
hoverCount_H-q_5,,,,,,,,,,,,6.0,,,,,,,,,,,,,,,,,,,,,,,,,,,1.0,,,,,,,,,,,,,,,,,,,,,,,,,,,2.0,,,,,,,,,,,,,,,,,,,,,,,,,,,6.0,,,,,,,,,,,,,,,,,,,,,,,,,,,1.0,,,,,,,,,,,,,,,
panCount_H-q_5,,,,,,,,,,,,7.0,,,,,,,,,,,,,,,,,,,,,,,,,,,0.0,,,,,,,,,,,,,,,,,,,,,,,,,,,0.0,,,,,,,,,,,,,,,,,,,,,,,,,,,6.0,,,,,,,,,,,,,,,,,,,,,,,,,,,1.0,,,,,,,,,,,,,,,
zoomCount_H-q_5,,,,,,,,,,,,0.0,,,,,,,,,,,,,,,,,,,,,,,,,,,10.0,,,,,,,,,,,,,,,,,,,,,,,,,,,42.0,,,,,,,,,,,,,,,,,,,,,,,,,,,59.0,,,,,,,,,,,,,,,,,,,,,,,,,,,7.0,,,,,,,,,,,,,,,
dblclickCount_H-q_5,,,,,,,,,,,,0.0,,,,,,,,,,,,,,,,,,,,,,,,,,,0.0,,,,,,,,,,,,,,,,,,,,,,,,,,,0.0,,,,,,,,,,,,,,,,,,,,,,,,,,,0.0,,,,,,,,,,,,,,,,,,,,,,,,,,,0.0,,,,,,,,,,,,,,,
resetCount_H-q_5,,,,,,,,,,,,0.0,,,,,,,,,,,,,,,,,,,,,,,,,,,0.0,,,,,,,,,,,,,,,,,,,,,,,,,,,0.0,,,,,,,,,,,,,,,,,,,,,,,,,,,0.0,,,,,,,,,,,,,,,,,,,,,,,,,,,0.0,,,,,,,,,,,,,,,
graph_H-q_7,,,,,,,,,,,,,h_group_2,,,,,,,,,,,,,,,,,,,,,,,,,,,h_group_2,,,,,,,,,,,,,,,,,,,,,,,,,,,h_group_2,,,,,,,,,,,,,,,,,,,,,,,,,,,h_group_2,,,,,,,,,,,,,,,,,,,,,,,,,,,h_group_2,,,,,,,,,,,,,,
type_H-q_7,,,,,,,,,,,,,T4,,,,,,,,,,,,,,,,,,,,,,,,,,,T4,,,,,,,,,,,,,,,,,,,,,,,,,,,T4,,,,,,,,,,,,,,,,,,,,,,,,,,,T4,,,,,,,,,,,,,,,,,,,,,,,,,,,T4,,,,,,,,,,,,,,
H-q_7,,,,,,,,,,,,,option-1,,,,,,,,,,,,,,,,,,,,,,,,,,,option-2,,,,,,,,,,,,,,,,,,,,,,,,,,,option-1,,,,,,,,,,,,,,,,,,,,,,,,,,,option-2,,,,,,,,,,,,,,,,,,,,,,,,,,,option-2,,,,,,,,,,,,,,
correct_H-q_7,,,,,,,,,,,,,0.0,,,,,,,,,,,,,,,,,,,,,,,,,,,0.0,,,,,,,,,,,,,,,,,,,,,,,,,,,0.0,,,,,,,,,,,,,,,,,,,,,,,,,,,0.0,,,,,,,,,,,,,,,,,,,,,,,,,,,0.0,,,,,,,,,,,,,,
trueAnswer_H-q_7,,,,,,,,,,,,,option-2,,,,,,,,,,,,,,,,,,,,,,,,,,,option-1,,,,,,,,,,,,,,,,,,,,,,,,,,,option-2,,,,,,,,,,,,,,,,,,,,,,,,,,,option-1,,,,,,,,,,,,,,,,,,,,,,,,,,,option-1,,,,,,,,,,,,,,
editDist_H-q_7,,,,,,,,,,,,,0.6666666666666667,,,,,,,,,,,,,,,,,,,,,,,,,,,0.6666666666666667,,,,,,,,,,,,,,,,,,,,,,,,,,,0.6666666666666667,,,,,,,,,,,,,,,,,,,,,,,,,,,0.6666666666666667,,,,,,,,,,,,,,,,,,,,,,,,,,,0.6666666666666667,,,,,,,,,,,,,,
time_H-q_7,,,,,,,,,,,,,21986.0,,,,,,,,,,,,,,,,,,,,,,,,,,,16104.0,,,,,,,,,,,,,,,,,,,,,,,,,,,7138.0,,,,,,,,,,,,,,,,,,,,,,,,,,,24734.0,,,,,,,,,,,,,,,,,,,,,,,,,,,4856.0,,,,,,,,,,,,,,
hoverCount_H-q_7,,,,,,,,,,,,,5.0,,,,,,,,,,,,,,,,,,,,,,,,,,,1.0,,,,,,,,,,,,,,,,,,,,,,,,,,,1.0,,,,,,,,,,,,,,,,,,,,,,,,,,,3.0,,,,,,,,,,,,,,,,,,,,,,,,,,,1.0,,,,,,,,,,,,,,
panCount_H-q_7,,,,,,,,,,,,,4.0,,,,,,,,,,,,,,,,,,,,,,,,,,,1.0,,,,,,,,,,,,,,,,,,,,,,,,,,,0.0,,,,,,,,,,,,,,,,,,,,,,,,,,,2.0,,,,,,,,,,,,,,,,,,,,,,,,,,,3.0,,,,,,,,,,,,,,
zoomCount_H-q_7,,,,,,,,,,,,,0.0,,,,,,,,,,,,,,,,,,,,,,,,,,,9.0,,,,,,,,,,,,,,,,,,,,,,,,,,,0.0,,,,,,,,,,,,,,,,,,,,,,,,,,,0.0,,,,,,,,,,,,,,,,,,,,,,,,,,,0.0,,,,,,,,,,,,,,
dblclickCount_H-q_7,,,,,,,,,,,,,0.0,,,,,,,,,,,,,,,,,,,,,,,,,,,0.0,,,,,,,,,,,,,,,,,,,,,,,,,,,0.0,,,,,,,,,,,,,,,,,,,,,,,,,,,0.0,,,,,,,,,,,,,,,,,,,,,,,,,,,0.0,,,,,,,,,,,,,,
resetCount_H-q_7,,,,,,,,,,,,,0.0,,,,,,,,,,,,,,,,,,,,,,,,,,,0.0,,,,,,,,,,,,,,,,,,,,,,,,,,,0.0,,,,,,,,,,,,,,,,,,,,,,,,,,,0.0,,,,,,,,,,,,,,,,,,,,,,,,,,,0.0,,,,,,,,,,,,,,
graph_H-q_9,,,,,,,,,,,,,,s_group_0,,,,,,,,,,,,,,,,,,,,,,,,,,,s_group_0,,,,,,,,,,,,,,,,,,,,,,,,,,,s_group_0,,,,,,,,,,,,,,,,,,,,,,,,,,,s_group_0,,,,,,,,,,,,,,,,,,,,,,,,,,,s_group_0,,,,,,,,,,,,,
type_H-q_9,,,,,,,,,,,,,,T4,,,,,,,,,,,,,,,,,,,,,,,,,,,T4,,,,,,,,,,,,,,,,,,,,,,,,,,,T4,,,,,,,,,,,,,,,,,,,,,,,,,,,T4,,,,,,,,,,,,,,,,,,,,,,,,,,,T4,,,,,,,,,,,,,
H-q_9,,,,,,,,,,,,,,option-1,,,,,,,,,,,,,,,,,,,,,,,,,,,option-1,,,,,,,,,,,,,,,,,,,,,,,,,,,option-2,,,,,,,,,,,,,,,,,,,,,,,,,,,option-1,,,,,,,,,,,,,,,,,,,,,,,,,,,option-1,,,,,,,,,,,,,
correct_H-q_9,,,,,,,,,,,,,,0.0,,,,,,,,,,,,,,,,,,,,,,,,,,,1.0,,,,,,,,,,,,,,,,,,,,,,,,,,,1.0,,,,,,,,,,,,,,,,,,,,,,,,,,,1.0,,,,,,,,,,,,,,,,,,,,,,,,,,,1.0,,,,,,,,,,,,,
trueAnswer_H-q_9,,,,,,,,,,,,,,option-2,,,,,,,,,,,,,,,,,,,,,,,,,,,option-1,,,,,,,,,,,,,,,,,,,,,,,,,,,option-2,,,,,,,,,,,,,,,,,,,,,,,,,,,option-1,,,,,,,,,,,,,,,,,,,,,,,,,,,option-1,,,,,,,,,,,,,
editDist_H-q_9,,,,,,,,,,,,,,0.6666666666666667,,,,,,,,,,,,,,,,,,,,,,,,,,,1.0,,,,,,,,,,,,,,,,,,,,,,,,,,,1.0,,,,,,,,,,,,,,,,,,,,,,,,,,,1.0,,,,,,,,,,,,,,,,,,,,,,,,,,,1.0,,,,,,,,,,,,,
time_H-q_9,,,,,,,,,,,,,,20233.0,,,,,,,,,,,,,,,,,,,,,,,,,,,13176.0,,,,,,,,,,,,,,,,,,,,,,,,,,,7630.0,,,,,,,,,,,,,,,,,,,,,,,,,,,11835.0,,,,,,,,,,,,,,,,,,,,,,,,,,,20224.0,,,,,,,,,,,,,
hoverCount_H-q_9,,,,,,,,,,,,,,2.0,,,,,,,,,,,,,,,,,,,,,,,,,,,5.0,,,,,,,,,,,,,,,,,,,,,,,,,,,0.0,,,,,,,,,,,,,,,,,,,,,,,,,,,2.0,,,,,,,,,,,,,,,,,,,,,,,,,,,2.0,,,,,,,,,,,,,
panCount_H-q_9,,,,,,,,,,,,,,3.0,,,,,,,,,,,,,,,,,,,,,,,,,,,5.0,,,,,,,,,,,,,,,,,,,,,,,,,,,0.0,,,,,,,,,,,,,,,,,,,,,,,,,,,3.0,,,,,,,,,,,,,,,,,,,,,,,,,,,16.0,,,,,,,,,,,,,
zoomCount_H-q_9,,,,,,,,,,,,,,0.0,,,,,,,,,,,,,,,,,,,,,,,,,,,2.0,,,,,,,,,,,,,,,,,,,,,,,,,,,11.0,,,,,,,,,,,,,,,,,,,,,,,,,,,0.0,,,,,,,,,,,,,,,,,,,,,,,,,,,53.0,,,,,,,,,,,,,
dblclickCount_H-q_9,,,,,,,,,,,,,,0.0,,,,,,,,,,,,,,,,,,,,,,,,,,,0.0,,,,,,,,,,,,,,,,,,,,,,,,,,,0.0,,,,,,,,,,,,,,,,,,,,,,,,,,,0.0,,,,,,,,,,,,,,,,,,,,,,,,,,,0.0,,,,,,,,,,,,,
resetCount_H-q_9,,,,,,,,,,,,,,0.0,,,,,,,,,,,,,,,,,,,,,,,,,,,0.0,,,,,,,,,,,,,,,,,,,,,,,,,,,0.0,,,,,,,,,,,,,,,,,,,,,,,,,,,0.0,,,,,,,,,,,,,,,,,,,,,,,,,,,0.0,,,,,,,,,,,,,
graph_H-q_10,,,,,,,,,,,,,,,e_group_0,,,,,,,,,,,,,,,,,,,,,,,,,,,e_group_0,,,,,,,,,,,,,,,,,,,,,,,,,,,e_group_0,,,,,,,,,,,,,,,,,,,,,,,,,,,e_group_0,,,,,,,,,,,,,,,,,,,,,,,,,,,e_group_0,,,,,,,,,,,,
type_H-q_10,,,,,,,,,,,,,,,T4,,,,,,,,,,,,,,,,,,,,,,,,,,,T4,,,,,,,,,,,,,,,,,,,,,,,,,,,T4,,,,,,,,,,,,,,,,,,,,,,,,,,,T4,,,,,,,,,,,,,,,,,,,,,,,,,,,T4,,,,,,,,,,,,
H-q_10,,,,,,,,,,,,,,,option-1,,,,,,,,,,,,,,,,,,,,,,,,,,,option-1,,,,,,,,,,,,,,,,,,,,,,,,,,,option-1,,,,,,,,,,,,,,,,,,,,,,,,,,,option-1,,,,,,,,,,,,,,,,,,,,,,,,,,,option-1,,,,,,,,,,,,
correct_H-q_10,,,,,,,,,,,,,,,1.0,,,,,,,,,,,,,,,,,,,,,,,,,,,1.0,,,,,,,,,,,,,,,,,,,,,,,,,,,1.0,,,,,,,,,,,,,,,,,,,,,,,,,,,1.0,,,,,,,,,,,,,,,,,,,,,,,,,,,1.0,,,,,,,,,,,,
trueAnswer_H-q_10,,,,,,,,,,,,,,,option-1,,,,,,,,,,,,,,,,,,,,,,,,,,,option-1,,,,,,,,,,,,,,,,,,,,,,,,,,,option-1,,,,,,,,,,,,,,,,,,,,,,,,,,,option-1,,,,,,,,,,,,,,,,,,,,,,,,,,,option-1,,,,,,,,,,,,
editDist_H-q_10,,,,,,,,,,,,,,,1.0,,,,,,,,,,,,,,,,,,,,,,,,,,,1.0,,,,,,,,,,,,,,,,,,,,,,,,,,,1.0,,,,,,,,,,,,,,,,,,,,,,,,,,,1.0,,,,,,,,,,,,,,,,,,,,,,,,,,,1.0,,,,,,,,,,,,
time_H-q_10,,,,,,,,,,,,,,,9539.0,,,,,,,,,,,,,,,,,,,,,,,,,,,33708.0,,,,,,,,,,,,,,,,,,,,,,,,,,,10078.0,,,,,,,,,,,,,,,,,,,,,,,,,,,26995.0,,,,,,,,,,,,,,,,,,,,,,,,,,,8549.0,,,,,,,,,,,,
hoverCount_H-q_10,,,,,,,,,,,,,,,1.0,,,,,,,,,,,,,,,,,,,,,,,,,,,0.0,,,,,,,,,,,,,,,,,,,,,,,,,,,0.0,,,,,,,,,,,,,,,,,,,,,,,,,,,0.0,,,,,,,,,,,,,,,,,,,,,,,,,,,0.0,,,,,,,,,,,,
panCount_H-q_10,,,,,,,,,,,,,,,2.0,,,,,,,,,,,,,,,,,,,,,,,,,,,4.0,,,,,,,,,,,,,,,,,,,,,,,,,,,0.0,,,,,,,,,,,,,,,,,,,,,,,,,,,6.0,,,,,,,,,,,,,,,,,,,,,,,,,,,5.0,,,,,,,,,,,,
zoomCount_H-q_10,,,,,,,,,,,,,,,0.0,,,,,,,,,,,,,,,,,,,,,,,,,,,0.0,,,,,,,,,,,,,,,,,,,,,,,,,,,0.0,,,,,,,,,,,,,,,,,,,,,,,,,,,0.0,,,,,,,,,,,,,,,,,,,,,,,,,,,14.0,,,,,,,,,,,,
dblclickCount_H-q_10,,,,,,,,,,,,,,,0.0,,,,,,,,,,,,,,,,,,,,,,,,,,,0.0,,,,,,,,,,,,,,,,,,,,,,,,,,,0.0,,,,,,,,,,,,,,,,,,,,,,,,,,,0.0,,,,,,,,,,,,,,,,,,,,,,,,,,,0.0,,,,,,,,,,,,
resetCount_H-q_10,,,,,,,,,,,,,,,0.0,,,,,,,,,,,,,,,,,,,,,,,,,,,0.0,,,,,,,,,,,,,,,,,,,,,,,,,,,0.0,,,,,,,,,,,,,,,,,,,,,,,,,,,0.0,,,,,,,,,,,,,,,,,,,,,,,,,,,0.0,,,,,,,,,,,,
graph_H-q_12,,,,,,,,,,,,,,,,s_group_1,,,,,,,,,,,,,,,,,,,,,,,,,,,s_group_1,,,,,,,,,,,,,,,,,,,,,,,,,,,s_group_1,,,,,,,,,,,,,,,,,,,,,,,,,,,s_group_1,,,,,,,,,,,,,,,,,,,,,,,,,,,s_group_1,,,,,,,,,,,
type_H-q_12,,,,,,,,,,,,,,,,T4,,,,,,,,,,,,,,,,,,,,,,,,,,,T4,,,,,,,,,,,,,,,,,,,,,,,,,,,T4,,,,,,,,,,,,,,,,,,,,,,,,,,,T4,,,,,,,,,,,,,,,,,,,,,,,,,,,T4,,,,,,,,,,,
H-q_12,,,,,,,,,,,,,,,,option-1,,,,,,,,,,,,,,,,,,,,,,,,,,,option-3,,,,,,,,,,,,,,,,,,,,,,,,,,,option-4,,,,,,,,,,,,,,,,,,,,,,,,,,,option-1,,,,,,,,,,,,,,,,,,,,,,,,,,,option-2,,,,,,,,,,,
correct_H-q_12,,,,,,,,,,,,,,,,0.0,,,,,,,,,,,,,,,,,,,,,,,,,,,0.0,,,,,,,,,,,,,,,,,,,,,,,,,,,0.0,,,,,,,,,,,,,,,,,,,,,,,,,,,1.0,,,,,,,,,,,,,,,,,,,,,,,,,,,0.0,,,,,,,,,,,
trueAnswer_H-q_12,,,,,,,,,,,,,,,,option-2,,,,,,,,,,,,,,,,,,,,,,,,,,,option-1,,,,,,,,,,,,,,,,,,,,,,,,,,,option-2,,,,,,,,,,,,,,,,,,,,,,,,,,,option-1,,,,,,,,,,,,,,,,,,,,,,,,,,,option-1,,,,,,,,,,,
editDist_H-q_12,,,,,,,,,,,,,,,,0.6666666666666667,,,,,,,,,,,,,,,,,,,,,,,,,,,0.33333333333333337,,,,,,,,,,,,,,,,,,,,,,,,,,,0.33333333333333337,,,,,,,,,,,,,,,,,,,,,,,,,,,1.0,,,,,,,,,,,,,,,,,,,,,,,,,,,0.6666666666666667,,,,,,,,,,,
time_H-q_12,,,,,,,,,,,,,,,,26512.0,,,,,,,,,,,,,,,,,,,,,,,,,,,85932.0,,,,,,,,,,,,,,,,,,,,,,,,,,,8442.0,,,,,,,,,,,,,,,,,,,,,,,,,,,44543.0,,,,,,,,,,,,,,,,,,,,,,,,,,,19014.0,,,,,,,,,,,
hoverCount_H-q_12,,,,,,,,,,,,,,,,13.0,,,,,,,,,,,,,,,,,,,,,,,,,,,1.0,,,,,,,,,,,,,,,,,,,,,,,,,,,0.0,,,,,,,,,,,,,,,,,,,,,,,,,,,26.0,,,,,,,,,,,,,,,,,,,,,,,,,,,7.0,,,,,,,,,,,
panCount_H-q_12,,,,,,,,,,,,,,,,3.0,,,,,,,,,,,,,,,,,,,,,,,,,,,4.0,,,,,,,,,,,,,,,,,,,,,,,,,,,0.0,,,,,,,,,,,,,,,,,,,,,,,,,,,5.0,,,,,,,,,,,,,,,,,,,,,,,,,,,11.0,,,,,,,,,,,
zoomCount_H-q_12,,,,,,,,,,,,,,,,0.0,,,,,,,,,,,,,,,,,,,,,,,,,,,9.0,,,,,,,,,,,,,,,,,,,,,,,,,,,0.0,,,,,,,,,,,,,,,,,,,,,,,,,,,59.0,,,,,,,,,,,,,,,,,,,,,,,,,,,25.0,,,,,,,,,,,
dblclickCount_H-q_12,,,,,,,,,,,,,,,,0.0,,,,,,,,,,,,,,,,,,,,,,,,,,,0.0,,,,,,,,,,,,,,,,,,,,,,,,,,,0.0,,,,,,,,,,,,,,,,,,,,,,,,,,,0.0,,,,,,,,,,,,,,,,,,,,,,,,,,,0.0,,,,,,,,,,,
resetCount_H-q_12,,,,,,,,,,,,,,,,0.0,,,,,,,,,,,,,,,,,,,,,,,,,,,0.0,,,,,,,,,,,,,,,,,,,,,,,,,,,0.0,,,,,,,,,,,,,,,,,,,,,,,,,,,0.0,,,,,,,,,,,,,,,,,,,,,,,,,,,0.0,,,,,,,,,,,
graph_H-q_14,,,,,,,,,,,,,,,,,s_group_2,,,,,,,,,,,,,,,,,,,,,,,,,,,s_group_2,,,,,,,,,,,,,,,,,,,,,,,,,,,s_group_2,,,,,,,,,,,,,,,,,,,,,,,,,,,s_group_2,,,,,,,,,,,,,,,,,,,,,,,,,,,s_group_2,,,,,,,,,,
type_H-q_14,,,,,,,,,,,,,,,,,T4,,,,,,,,,,,,,,,,,,,,,,,,,,,T4,,,,,,,,,,,,,,,,,,,,,,,,,,,T4,,,,,,,,,,,,,,,,,,,,,,,,,,,T4,,,,,,,,,,,,,,,,,,,,,,,,,,,T4,,,,,,,,,,
H-q_14,,,,,,,,,,,,,,,,,option-2,,,,,,,,,,,,,,,,,,,,,,,,,,,option-2,,,,,,,,,,,,,,,,,,,,,,,,,,,option-2,,,,,,,,,,,,,,,,,,,,,,,,,,,option-1,,,,,,,,,,,,,,,,,,,,,,,,,,,option-1,,,,,,,,,,
correct_H-q_14,,,,,,,,,,,,,,,,,0.0,,,,,,,,,,,,,,,,,,,,,,,,,,,0.0,,,,,,,,,,,,,,,,,,,,,,,,,,,0.0,,,,,,,,,,,,,,,,,,,,,,,,,,,1.0,,,,,,,,,,,,,,,,,,,,,,,,,,,1.0,,,,,,,,,,
trueAnswer_H-q_14,,,,,,,,,,,,,,,,,option-3,,,,,,,,,,,,,,,,,,,,,,,,,,,option-1,,,,,,,,,,,,,,,,,,,,,,,,,,,option-3,,,,,,,,,,,,,,,,,,,,,,,,,,,option-1,,,,,,,,,,,,,,,,,,,,,,,,,,,option-1,,,,,,,,,,
editDist_H-q_14,,,,,,,,,,,,,,,,,0.6666666666666667,,,,,,,,,,,,,,,,,,,,,,,,,,,0.6666666666666667,,,,,,,,,,,,,,,,,,,,,,,,,,,0.6666666666666667,,,,,,,,,,,,,,,,,,,,,,,,,,,1.0,,,,,,,,,,,,,,,,,,,,,,,,,,,1.0,,,,,,,,,,
time_H-q_14,,,,,,,,,,,,,,,,,25969.0,,,,,,,,,,,,,,,,,,,,,,,,,,,26772.0,,,,,,,,,,,,,,,,,,,,,,,,,,,10043.0,,,,,,,,,,,,,,,,,,,,,,,,,,,44409.0,,,,,,,,,,,,,,,,,,,,,,,,,,,7198.0,,,,,,,,,,
hoverCount_H-q_14,,,,,,,,,,,,,,,,,2.0,,,,,,,,,,,,,,,,,,,,,,,,,,,5.0,,,,,,,,,,,,,,,,,,,,,,,,,,,2.0,,,,,,,,,,,,,,,,,,,,,,,,,,,6.0,,,,,,,,,,,,,,,,,,,,,,,,,,,1.0,,,,,,,,,,
panCount_H-q_14,,,,,,,,,,,,,,,,,4.0,,,,,,,,,,,,,,,,,,,,,,,,,,,3.0,,,,,,,,,,,,,,,,,,,,,,,,,,,0.0,,,,,,,,,,,,,,,,,,,,,,,,,,,6.0,,,,,,,,,,,,,,,,,,,,,,,,,,,3.0,,,,,,,,,,
zoomCount_H-q_14,,,,,,,,,,,,,,,,,0.0,,,,,,,,,,,,,,,,,,,,,,,,,,,0.0,,,,,,,,,,,,,,,,,,,,,,,,,,,0.0,,,,,,,,,,,,,,,,,,,,,,,,,,,34.0,,,,,,,,,,,,,,,,,,,,,,,,,,,0.0,,,,,,,,,,
dblclickCount_H-q_14,,,,,,,,,,,,,,,,,0.0,,,,,,,,,,,,,,,,,,,,,,,,,,,0.0,,,,,,,,,,,,,,,,,,,,,,,,,,,0.0,,,,,,,,,,,,,,,,,,,,,,,,,,,0.0,,,,,,,,,,,,,,,,,,,,,,,,,,,0.0,,,,,,,,,,
resetCount_H-q_14,,,,,,,,,,,,,,,,,0.0,,,,,,,,,,,,,,,,,,,,,,,,,,,0.0,,,,,,,,,,,,,,,,,,,,,,,,,,,0.0,,,,,,,,,,,,,,,,,,,,,,,,,,,0.0,,,,,,,,,,,,,,,,,,,,,,,,,,,0.0,,,,,,,,,,
graph_H-q_17,,,,,,,,,,,,,,,,,,e_group_1,,,,,,,,,,,,,,,,,,,,,,,,,,,e_group_1,,,,,,,,,,,,,,,,,,,,,,,,,,,e_group_1,,,,,,,,,,,,,,,,,,,,,,,,,,,e_group_1,,,,,,,,,,,,,,,,,,,,,,,,,,,e_group_1,,,,,,,,,
type_H-q_17,,,,,,,,,,,,,,,,,,T4,,,,,,,,,,,,,,,,,,,,,,,,,,,T4,,,,,,,,,,,,,,,,,,,,,,,,,,,T4,,,,,,,,,,,,,,,,,,,,,,,,,,,T4,,,,,,,,,,,,,,,,,,,,,,,,,,,T4,,,,,,,,,
H-q_17,,,,,,,,,,,,,,,,,,option-2,,,,,,,,,,,,,,,,,,,,,,,,,,,option-2,,,,,,,,,,,,,,,,,,,,,,,,,,,option-3,,,,,,,,,,,,,,,,,,,,,,,,,,,option-2,,,,,,,,,,,,,,,,,,,,,,,,,,,option-1,,,,,,,,,
correct_H-q_17,,,,,,,,,,,,,,,,,,0.0,,,,,,,,,,,,,,,,,,,,,,,,,,,1.0,,,,,,,,,,,,,,,,,,,,,,,,,,,1.0,,,,,,,,,,,,,,,,,,,,,,,,,,,1.0,,,,,,,,,,,,,,,,,,,,,,,,,,,0.0,,,,,,,,,
trueAnswer_H-q_17,,,,,,,,,,,,,,,,,,option-3,,,,,,,,,,,,,,,,,,,,,,,,,,,option-2,,,,,,,,,,,,,,,,,,,,,,,,,,,option-3,,,,,,,,,,,,,,,,,,,,,,,,,,,option-2,,,,,,,,,,,,,,,,,,,,,,,,,,,option-2,,,,,,,,,
editDist_H-q_17,,,,,,,,,,,,,,,,,,0.6666666666666667,,,,,,,,,,,,,,,,,,,,,,,,,,,1.0,,,,,,,,,,,,,,,,,,,,,,,,,,,1.0,,,,,,,,,,,,,,,,,,,,,,,,,,,1.0,,,,,,,,,,,,,,,,,,,,,,,,,,,0.6666666666666667,,,,,,,,,
time_H-q_17,,,,,,,,,,,,,,,,,,46804.0,,,,,,,,,,,,,,,,,,,,,,,,,,,16478.0,,,,,,,,,,,,,,,,,,,,,,,,,,,5087.0,,,,,,,,,,,,,,,,,,,,,,,,,,,26743.0,,,,,,,,,,,,,,,,,,,,,,,,,,,11346.0,,,,,,,,,
hoverCount_H-q_17,,,,,,,,,,,,,,,,,,10.0,,,,,,,,,,,,,,,,,,,,,,,,,,,0.0,,,,,,,,,,,,,,,,,,,,,,,,,,,0.0,,,,,,,,,,,,,,,,,,,,,,,,,,,1.0,,,,,,,,,,,,,,,,,,,,,,,,,,,1.0,,,,,,,,,
panCount_H-q_17,,,,,,,,,,,,,,,,,,16.0,,,,,,,,,,,,,,,,,,,,,,,,,,,6.0,,,,,,,,,,,,,,,,,,,,,,,,,,,0.0,,,,,,,,,,,,,,,,,,,,,,,,,,,3.0,,,,,,,,,,,,,,,,,,,,,,,,,,,9.0,,,,,,,,,
zoomCount_H-q_17,,,,,,,,,,,,,,,,,,0.0,,,,,,,,,,,,,,,,,,,,,,,,,,,0.0,,,,,,,,,,,,,,,,,,,,,,,,,,,0.0,,,,,,,,,,,,,,,,,,,,,,,,,,,0.0,,,,,,,,,,,,,,,,,,,,,,,,,,,0.0,,,,,,,,,
dblclickCount_H-q_17,,,,,,,,,,,,,,,,,,0.0,,,,,,,,,,,,,,,,,,,,,,,,,,,0.0,,,,,,,,,,,,,,,,,,,,,,,,,,,0.0,,,,,,,,,,,,,,,,,,,,,,,,,,,0.0,,,,,,,,,,,,,,,,,,,,,,,,,,,0.0,,,,,,,,,
resetCount_H-q_17,,,,,,,,,,,,,,,,,,0.0,,,,,,,,,,,,,,,,,,,,,,,,,,,0.0,,,,,,,,,,,,,,,,,,,,,,,,,,,0.0,,,,,,,,,,,,,,,,,,,,,,,,,,,0.0,,,,,,,,,,,,,,,,,,,,,,,,,,,0.0,,,,,,,,,
graph_S-q_1,,,,,,,,,,,,,,,,,,,e_group_2,,,,,,,,,,,,,,,,,,,,,,,,,,,e_group_2,,,,,,,,,,,,,,,,,,,,,,,,,,,e_group_2,,,,,,,,,,,,,,,,,,,,,,,,,,,e_group_2,,,,,,,,,,,,,,,,,,,,,,,,,,,e_group_2,,,,,,,,
type_S-q_1,,,,,,,,,,,,,,,,,,,T4,,,,,,,,,,,,,,,,,,,,,,,,,,,T4,,,,,,,,,,,,,,,,,,,,,,,,,,,T4,,,,,,,,,,,,,,,,,,,,,,,,,,,T4,,,,,,,,,,,,,,,,,,,,,,,,,,,T4,,,,,,,,
S-q_1,,,,,,,,,,,,,,,,,,,option-3,,,,,,,,,,,,,,,,,,,,,,,,,,,option-2,,,,,,,,,,,,,,,,,,,,,,,,,,,option-4,,,,,,,,,,,,,,,,,,,,,,,,,,,option-4,,,,,,,,,,,,,,,,,,,,,,,,,,,option-3,,,,,,,,
correct_S-q_1,,,,,,,,,,,,,,,,,,,0.0,,,,,,,,,,,,,,,,,,,,,,,,,,,1.0,,,,,,,,,,,,,,,,,,,,,,,,,,,0.0,,,,,,,,,,,,,,,,,,,,,,,,,,,0.0,,,,,,,,,,,,,,,,,,,,,,,,,,,0.0,,,,,,,,
trueAnswer_S-q_1,,,,,,,,,,,,,,,,,,,option-2,,,,,,,,,,,,,,,,,,,,,,,,,,,option-2,,,,,,,,,,,,,,,,,,,,,,,,,,,option-3,,,,,,,,,,,,,,,,,,,,,,,,,,,option-2,,,,,,,,,,,,,,,,,,,,,,,,,,,option-2,,,,,,,,
editDist_S-q_1,,,,,,,,,,,,,,,,,,,0.6666666666666667,,,,,,,,,,,,,,,,,,,,,,,,,,,1.0,,,,,,,,,,,,,,,,,,,,,,,,,,,0.6666666666666667,,,,,,,,,,,,,,,,,,,,,,,,,,,0.33333333333333337,,,,,,,,,,,,,,,,,,,,,,,,,,,0.6666666666666667,,,,,,,,
time_S-q_1,,,,,,,,,,,,,,,,,,,7411.0,,,,,,,,,,,,,,,,,,,,,,,,,,,17257.0,,,,,,,,,,,,,,,,,,,,,,,,,,,32344.0,,,,,,,,,,,,,,,,,,,,,,,,,,,75459.0,,,,,,,,,,,,,,,,,,,,,,,,,,,11549.0,,,,,,,,
hoverCount_S-q_1,,,,,,,,,,,,,,,,,,,12.0,,,,,,,,,,,,,,,,,,,,,,,,,,,54.0,,,,,,,,,,,,,,,,,,,,,,,,,,,3.0,,,,,,,,,,,,,,,,,,,,,,,,,,,123.0,,,,,,,,,,,,,,,,,,,,,,,,,,,44.0,,,,,,,,
panCount_S-q_1,,,,,,,,,,,,,,,,,,,0.0,,,,,,,,,,,,,,,,,,,,,,,,,,,0.0,,,,,,,,,,,,,,,,,,,,,,,,,,,0.0,,,,,,,,,,,,,,,,,,,,,,,,,,,0.0,,,,,,,,,,,,,,,,,,,,,,,,,,,0.0,,,,,,,,
zoomCount_S-q_1,,,,,,,,,,,,,,,,,,,0.0,,,,,,,,,,,,,,,,,,,,,,,,,,,0.0,,,,,,,,,,,,,,,,,,,,,,,,,,,0.0,,,,,,,,,,,,,,,,,,,,,,,,,,,0.0,,,,,,,,,,,,,,,,,,,,,,,,,,,0.0,,,,,,,,
dblclickCount_S-q_1,,,,,,,,,,,,,,,,,,,0.0,,,,,,,,,,,,,,,,,,,,,,,,,,,0.0,,,,,,,,,,,,,,,,,,,,,,,,,,,0.0,,,,,,,,,,,,,,,,,,,,,,,,,,,0.0,,,,,,,,,,,,,,,,,,,,,,,,,,,0.0,,,,,,,,
resetCount_S-q_1,,,,,,,,,,,,,,,,,,,0.0,,,,,,,,,,,,,,,,,,,,,,,,,,,0.0,,,,,,,,,,,,,,,,,,,,,,,,,,,0.0,,,,,,,,,,,,,,,,,,,,,,,,,,,0.0,,,,,,,,,,,,,,,,,,,,,,,,,,,0.0,,,,,,,,
graph_S-q_3,,,,,,,,,,,,,,,,,,,,h_group_0,,,,,,,,,,,,,,,,,,,,,,,,,,,h_group_0,,,,,,,,,,,,,,,,,,,,,,,,,,,h_group_0,,,,,,,,,,,,,,,,,,,,,,,,,,,h_group_0,,,,,,,,,,,,,,,,,,,,,,,,,,,h_group_0,,,,,,,
type_S-q_3,,,,,,,,,,,,,,,,,,,,T4,,,,,,,,,,,,,,,,,,,,,,,,,,,T4,,,,,,,,,,,,,,,,,,,,,,,,,,,T4,,,,,,,,,,,,,,,,,,,,,,,,,,,T4,,,,,,,,,,,,,,,,,,,,,,,,,,,T4,,,,,,,
S-q_3,,,,,,,,,,,,,,,,,,,,option-2,,,,,,,,,,,,,,,,,,,,,,,,,,,option-2,,,,,,,,,,,,,,,,,,,,,,,,,,,option-1,,,,,,,,,,,,,,,,,,,,,,,,,,,option-2,,,,,,,,,,,,,,,,,,,,,,,,,,,option-2,,,,,,,
correct_S-q_3,,,,,,,,,,,,,,,,,,,,1.0,,,,,,,,,,,,,,,,,,,,,,,,,,,1.0,,,,,,,,,,,,,,,,,,,,,,,,,,,1.0,,,,,,,,,,,,,,,,,,,,,,,,,,,1.0,,,,,,,,,,,,,,,,,,,,,,,,,,,1.0,,,,,,,
trueAnswer_S-q_3,,,,,,,,,,,,,,,,,,,,option-2,,,,,,,,,,,,,,,,,,,,,,,,,,,option-2,,,,,,,,,,,,,,,,,,,,,,,,,,,option-1,,,,,,,,,,,,,,,,,,,,,,,,,,,option-2,,,,,,,,,,,,,,,,,,,,,,,,,,,option-2,,,,,,,
editDist_S-q_3,,,,,,,,,,,,,,,,,,,,1.0,,,,,,,,,,,,,,,,,,,,,,,,,,,1.0,,,,,,,,,,,,,,,,,,,,,,,,,,,1.0,,,,,,,,,,,,,,,,,,,,,,,,,,,1.0,,,,,,,,,,,,,,,,,,,,,,,,,,,1.0,,,,,,,
time_S-q_3,,,,,,,,,,,,,,,,,,,,2948.0,,,,,,,,,,,,,,,,,,,,,,,,,,,35861.0,,,,,,,,,,,,,,,,,,,,,,,,,,,8312.0,,,,,,,,,,,,,,,,,,,,,,,,,,,35052.0,,,,,,,,,,,,,,,,,,,,,,,,,,,8307.0,,,,,,,
hoverCount_S-q_3,,,,,,,,,,,,,,,,,,,,1.0,,,,,,,,,,,,,,,,,,,,,,,,,,,61.0,,,,,,,,,,,,,,,,,,,,,,,,,,,4.0,,,,,,,,,,,,,,,,,,,,,,,,,,,34.0,,,,,,,,,,,,,,,,,,,,,,,,,,,3.0,,,,,,,
panCount_S-q_3,,,,,,,,,,,,,,,,,,,,0.0,,,,,,,,,,,,,,,,,,,,,,,,,,,0.0,,,,,,,,,,,,,,,,,,,,,,,,,,,0.0,,,,,,,,,,,,,,,,,,,,,,,,,,,0.0,,,,,,,,,,,,,,,,,,,,,,,,,,,0.0,,,,,,,
zoomCount_S-q_3,,,,,,,,,,,,,,,,,,,,0.0,,,,,,,,,,,,,,,,,,,,,,,,,,,7.0,,,,,,,,,,,,,,,,,,,,,,,,,,,0.0,,,,,,,,,,,,,,,,,,,,,,,,,,,0.0,,,,,,,,,,,,,,,,,,,,,,,,,,,23.0,,,,,,,
dblclickCount_S-q_3,,,,,,,,,,,,,,,,,,,,0.0,,,,,,,,,,,,,,,,,,,,,,,,,,,0.0,,,,,,,,,,,,,,,,,,,,,,,,,,,0.0,,,,,,,,,,,,,,,,,,,,,,,,,,,0.0,,,,,,,,,,,,,,,,,,,,,,,,,,,0.0,,,,,,,
resetCount_S-q_3,,,,,,,,,,,,,,,,,,,,0.0,,,,,,,,,,,,,,,,,,,,,,,,,,,0.0,,,,,,,,,,,,,,,,,,,,,,,,,,,0.0,,,,,,,,,,,,,,,,,,,,,,,,,,,0.0,,,,,,,,,,,,,,,,,,,,,,,,,,,0.0,,,,,,,
graph_S-q_5,,,,,,,,,,,,,,,,,,,,,h_group_1,,,,,,,,,,,,,,,,,,,,,,,,,,,h_group_1,,,,,,,,,,,,,,,,,,,,,,,,,,,h_group_1,,,,,,,,,,,,,,,,,,,,,,,,,,,h_group_1,,,,,,,,,,,,,,,,,,,,,,,,,,,h_group_1,,,,,,
type_S-q_5,,,,,,,,,,,,,,,,,,,,,T4,,,,,,,,,,,,,,,,,,,,,,,,,,,T4,,,,,,,,,,,,,,,,,,,,,,,,,,,T4,,,,,,,,,,,,,,,,,,,,,,,,,,,T4,,,,,,,,,,,,,,,,,,,,,,,,,,,T4,,,,,,
S-q_5,,,,,,,,,,,,,,,,,,,,,option-2,,,,,,,,,,,,,,,,,,,,,,,,,,,option-4,,,,,,,,,,,,,,,,,,,,,,,,,,,option-3,,,,,,,,,,,,,,,,,,,,,,,,,,,option-1,,,,,,,,,,,,,,,,,,,,,,,,,,,option-1,,,,,,
correct_S-q_5,,,,,,,,,,,,,,,,,,,,,0.0,,,,,,,,,,,,,,,,,,,,,,,,,,,0.0,,,,,,,,,,,,,,,,,,,,,,,,,,,0.0,,,,,,,,,,,,,,,,,,,,,,,,,,,1.0,,,,,,,,,,,,,,,,,,,,,,,,,,,1.0,,,,,,
trueAnswer_S-q_5,,,,,,,,,,,,,,,,,,,,,option-1,,,,,,,,,,,,,,,,,,,,,,,,,,,option-1,,,,,,,,,,,,,,,,,,,,,,,,,,,option-4,,,,,,,,,,,,,,,,,,,,,,,,,,,option-1,,,,,,,,,,,,,,,,,,,,,,,,,,,option-1,,,,,,
editDist_S-q_5,,,,,,,,,,,,,,,,,,,,,0.6666666666666667,,,,,,,,,,,,,,,,,,,,,,,,,,,0.0,,,,,,,,,,,,,,,,,,,,,,,,,,,0.6666666666666667,,,,,,,,,,,,,,,,,,,,,,,,,,,1.0,,,,,,,,,,,,,,,,,,,,,,,,,,,1.0,,,,,,
time_S-q_5,,,,,,,,,,,,,,,,,,,,,7544.0,,,,,,,,,,,,,,,,,,,,,,,,,,,18172.0,,,,,,,,,,,,,,,,,,,,,,,,,,,12356.0,,,,,,,,,,,,,,,,,,,,,,,,,,,9864.0,,,,,,,,,,,,,,,,,,,,,,,,,,,12516.0,,,,,,
hoverCount_S-q_5,,,,,,,,,,,,,,,,,,,,,14.0,,,,,,,,,,,,,,,,,,,,,,,,,,,28.0,,,,,,,,,,,,,,,,,,,,,,,,,,,5.0,,,,,,,,,,,,,,,,,,,,,,,,,,,20.0,,,,,,,,,,,,,,,,,,,,,,,,,,,22.0,,,,,,
panCount_S-q_5,,,,,,,,,,,,,,,,,,,,,0.0,,,,,,,,,,,,,,,,,,,,,,,,,,,0.0,,,,,,,,,,,,,,,,,,,,,,,,,,,0.0,,,,,,,,,,,,,,,,,,,,,,,,,,,0.0,,,,,,,,,,,,,,,,,,,,,,,,,,,0.0,,,,,,
zoomCount_S-q_5,,,,,,,,,,,,,,,,,,,,,0.0,,,,,,,,,,,,,,,,,,,,,,,,,,,0.0,,,,,,,,,,,,,,,,,,,,,,,,,,,0.0,,,,,,,,,,,,,,,,,,,,,,,,,,,0.0,,,,,,,,,,,,,,,,,,,,,,,,,,,9.0,,,,,,
dblclickCount_S-q_5,,,,,,,,,,,,,,,,,,,,,0.0,,,,,,,,,,,,,,,,,,,,,,,,,,,0.0,,,,,,,,,,,,,,,,,,,,,,,,,,,0.0,,,,,,,,,,,,,,,,,,,,,,,,,,,0.0,,,,,,,,,,,,,,,,,,,,,,,,,,,0.0,,,,,,
resetCount_S-q_5,,,,,,,,,,,,,,,,,,,,,0.0,,,,,,,,,,,,,,,,,,,,,,,,,,,0.0,,,,,,,,,,,,,,,,,,,,,,,,,,,0.0,,,,,,,,,,,,,,,,,,,,,,,,,,,0.0,,,,,,,,,,,,,,,,,,,,,,,,,,,0.0,,,,,,
graph_S-q_7,,,,,,,,,,,,,,,,,,,,,,h_group_2,,,,,,,,,,,,,,,,,,,,,,,,,,,h_group_2,,,,,,,,,,,,,,,,,,,,,,,,,,,h_group_2,,,,,,,,,,,,,,,,,,,,,,,,,,,h_group_2,,,,,,,,,,,,,,,,,,,,,,,,,,,h_group_2,,,,,
type_S-q_7,,,,,,,,,,,,,,,,,,,,,,T4,,,,,,,,,,,,,,,,,,,,,,,,,,,T4,,,,,,,,,,,,,,,,,,,,,,,,,,,T4,,,,,,,,,,,,,,,,,,,,,,,,,,,T4,,,,,,,,,,,,,,,,,,,,,,,,,,,T4,,,,,
S-q_7,,,,,,,,,,,,,,,,,,,,,,option-2,,,,,,,,,,,,,,,,,,,,,,,,,,,option-2,,,,,,,,,,,,,,,,,,,,,,,,,,,option-2,,,,,,,,,,,,,,,,,,,,,,,,,,,option-2,,,,,,,,,,,,,,,,,,,,,,,,,,,option-2,,,,,
correct_S-q_7,,,,,,,,,,,,,,,,,,,,,,1.0,,,,,,,,,,,,,,,,,,,,,,,,,,,1.0,,,,,,,,,,,,,,,,,,,,,,,,,,,0.0,,,,,,,,,,,,,,,,,,,,,,,,,,,1.0,,,,,,,,,,,,,,,,,,,,,,,,,,,1.0,,,,,
trueAnswer_S-q_7,,,,,,,,,,,,,,,,,,,,,,option-2,,,,,,,,,,,,,,,,,,,,,,,,,,,option-2,,,,,,,,,,,,,,,,,,,,,,,,,,,option-1,,,,,,,,,,,,,,,,,,,,,,,,,,,option-2,,,,,,,,,,,,,,,,,,,,,,,,,,,option-2,,,,,
editDist_S-q_7,,,,,,,,,,,,,,,,,,,,,,1.0,,,,,,,,,,,,,,,,,,,,,,,,,,,1.0,,,,,,,,,,,,,,,,,,,,,,,,,,,0.6666666666666667,,,,,,,,,,,,,,,,,,,,,,,,,,,1.0,,,,,,,,,,,,,,,,,,,,,,,,,,,1.0,,,,,
time_S-q_7,,,,,,,,,,,,,,,,,,,,,,6121.0,,,,,,,,,,,,,,,,,,,,,,,,,,,20424.0,,,,,,,,,,,,,,,,,,,,,,,,,,,9709.0,,,,,,,,,,,,,,,,,,,,,,,,,,,64093.0,,,,,,,,,,,,,,,,,,,,,,,,,,,30644.0,,,,,
hoverCount_S-q_7,,,,,,,,,,,,,,,,,,,,,,13.0,,,,,,,,,,,,,,,,,,,,,,,,,,,52.0,,,,,,,,,,,,,,,,,,,,,,,,,,,8.0,,,,,,,,,,,,,,,,,,,,,,,,,,,63.0,,,,,,,,,,,,,,,,,,,,,,,,,,,65.0,,,,,
panCount_S-q_7,,,,,,,,,,,,,,,,,,,,,,0.0,,,,,,,,,,,,,,,,,,,,,,,,,,,0.0,,,,,,,,,,,,,,,,,,,,,,,,,,,0.0,,,,,,,,,,,,,,,,,,,,,,,,,,,0.0,,,,,,,,,,,,,,,,,,,,,,,,,,,0.0,,,,,
zoomCount_S-q_7,,,,,,,,,,,,,,,,,,,,,,0.0,,,,,,,,,,,,,,,,,,,,,,,,,,,0.0,,,,,,,,,,,,,,,,,,,,,,,,,,,0.0,,,,,,,,,,,,,,,,,,,,,,,,,,,0.0,,,,,,,,,,,,,,,,,,,,,,,,,,,16.0,,,,,
dblclickCount_S-q_7,,,,,,,,,,,,,,,,,,,,,,0.0,,,,,,,,,,,,,,,,,,,,,,,,,,,0.0,,,,,,,,,,,,,,,,,,,,,,,,,,,0.0,,,,,,,,,,,,,,,,,,,,,,,,,,,0.0,,,,,,,,,,,,,,,,,,,,,,,,,,,0.0,,,,,
resetCount_S-q_7,,,,,,,,,,,,,,,,,,,,,,0.0,,,,,,,,,,,,,,,,,,,,,,,,,,,0.0,,,,,,,,,,,,,,,,,,,,,,,,,,,0.0,,,,,,,,,,,,,,,,,,,,,,,,,,,1.0,,,,,,,,,,,,,,,,,,,,,,,,,,,0.0,,,,,
graph_S-q_9,,,,,,,,,,,,,,,,,,,,,,,s_group_0,,,,,,,,,,,,,,,,,,,,,,,,,,,s_group_0,,,,,,,,,,,,,,,,,,,,,,,,,,,s_group_0,,,,,,,,,,,,,,,,,,,,,,,,,,,s_group_0,,,,,,,,,,,,,,,,,,,,,,,,,,,s_group_0,,,,
type_S-q_9,,,,,,,,,,,,,,,,,,,,,,,T4,,,,,,,,,,,,,,,,,,,,,,,,,,,T4,,,,,,,,,,,,,,,,,,,,,,,,,,,T4,,,,,,,,,,,,,,,,,,,,,,,,,,,T4,,,,,,,,,,,,,,,,,,,,,,,,,,,T4,,,,
S-q_9,,,,,,,,,,,,,,,,,,,,,,,option-2,,,,,,,,,,,,,,,,,,,,,,,,,,,option-1,,,,,,,,,,,,,,,,,,,,,,,,,,,option-1,,,,,,,,,,,,,,,,,,,,,,,,,,,option-1,,,,,,,,,,,,,,,,,,,,,,,,,,,option-1,,,,
correct_S-q_9,,,,,,,,,,,,,,,,,,,,,,,1.0,,,,,,,,,,,,,,,,,,,,,,,,,,,0.0,,,,,,,,,,,,,,,,,,,,,,,,,,,1.0,,,,,,,,,,,,,,,,,,,,,,,,,,,0.0,,,,,,,,,,,,,,,,,,,,,,,,,,,0.0,,,,
trueAnswer_S-q_9,,,,,,,,,,,,,,,,,,,,,,,option-2,,,,,,,,,,,,,,,,,,,,,,,,,,,option-2,,,,,,,,,,,,,,,,,,,,,,,,,,,option-1,,,,,,,,,,,,,,,,,,,,,,,,,,,option-2,,,,,,,,,,,,,,,,,,,,,,,,,,,option-2,,,,
editDist_S-q_9,,,,,,,,,,,,,,,,,,,,,,,1.0,,,,,,,,,,,,,,,,,,,,,,,,,,,0.6666666666666667,,,,,,,,,,,,,,,,,,,,,,,,,,,1.0,,,,,,,,,,,,,,,,,,,,,,,,,,,0.6666666666666667,,,,,,,,,,,,,,,,,,,,,,,,,,,0.6666666666666667,,,,
time_S-q_9,,,,,,,,,,,,,,,,,,,,,,,4494.0,,,,,,,,,,,,,,,,,,,,,,,,,,,30841.0,,,,,,,,,,,,,,,,,,,,,,,,,,,9848.0,,,,,,,,,,,,,,,,,,,,,,,,,,,14941.0,,,,,,,,,,,,,,,,,,,,,,,,,,,15547.0,,,,
hoverCount_S-q_9,,,,,,,,,,,,,,,,,,,,,,,1.0,,,,,,,,,,,,,,,,,,,,,,,,,,,50.0,,,,,,,,,,,,,,,,,,,,,,,,,,,4.0,,,,,,,,,,,,,,,,,,,,,,,,,,,29.0,,,,,,,,,,,,,,,,,,,,,,,,,,,13.0,,,,
panCount_S-q_9,,,,,,,,,,,,,,,,,,,,,,,0.0,,,,,,,,,,,,,,,,,,,,,,,,,,,0.0,,,,,,,,,,,,,,,,,,,,,,,,,,,0.0,,,,,,,,,,,,,,,,,,,,,,,,,,,0.0,,,,,,,,,,,,,,,,,,,,,,,,,,,0.0,,,,
zoomCount_S-q_9,,,,,,,,,,,,,,,,,,,,,,,0.0,,,,,,,,,,,,,,,,,,,,,,,,,,,0.0,,,,,,,,,,,,,,,,,,,,,,,,,,,0.0,,,,,,,,,,,,,,,,,,,,,,,,,,,0.0,,,,,,,,,,,,,,,,,,,,,,,,,,,64.0,,,,
dblclickCount_S-q_9,,,,,,,,,,,,,,,,,,,,,,,0.0,,,,,,,,,,,,,,,,,,,,,,,,,,,0.0,,,,,,,,,,,,,,,,,,,,,,,,,,,0.0,,,,,,,,,,,,,,,,,,,,,,,,,,,0.0,,,,,,,,,,,,,,,,,,,,,,,,,,,0.0,,,,
resetCount_S-q_9,,,,,,,,,,,,,,,,,,,,,,,0.0,,,,,,,,,,,,,,,,,,,,,,,,,,,0.0,,,,,,,,,,,,,,,,,,,,,,,,,,,0.0,,,,,,,,,,,,,,,,,,,,,,,,,,,0.0,,,,,,,,,,,,,,,,,,,,,,,,,,,0.0,,,,
graph_S-q_10,,,,,,,,,,,,,,,,,,,,,,,,e_group_0,,,,,,,,,,,,,,,,,,,,,,,,,,,e_group_0,,,,,,,,,,,,,,,,,,,,,,,,,,,e_group_0,,,,,,,,,,,,,,,,,,,,,,,,,,,e_group_0,,,,,,,,,,,,,,,,,,,,,,,,,,,e_group_0,,,
type_S-q_10,,,,,,,,,,,,,,,,,,,,,,,,T4,,,,,,,,,,,,,,,,,,,,,,,,,,,T4,,,,,,,,,,,,,,,,,,,,,,,,,,,T4,,,,,,,,,,,,,,,,,,,,,,,,,,,T4,,,,,,,,,,,,,,,,,,,,,,,,,,,T4,,,
S-q_10,,,,,,,,,,,,,,,,,,,,,,,,option-2,,,,,,,,,,,,,,,,,,,,,,,,,,,option-1,,,,,,,,,,,,,,,,,,,,,,,,,,,option-1,,,,,,,,,,,,,,,,,,,,,,,,,,,option-1,,,,,,,,,,,,,,,,,,,,,,,,,,,option-1,,,
correct_S-q_10,,,,,,,,,,,,,,,,,,,,,,,,0.0,,,,,,,,,,,,,,,,,,,,,,,,,,,1.0,,,,,,,,,,,,,,,,,,,,,,,,,,,1.0,,,,,,,,,,,,,,,,,,,,,,,,,,,1.0,,,,,,,,,,,,,,,,,,,,,,,,,,,1.0,,,
trueAnswer_S-q_10,,,,,,,,,,,,,,,,,,,,,,,,option-1,,,,,,,,,,,,,,,,,,,,,,,,,,,option-1,,,,,,,,,,,,,,,,,,,,,,,,,,,option-1,,,,,,,,,,,,,,,,,,,,,,,,,,,option-1,,,,,,,,,,,,,,,,,,,,,,,,,,,option-1,,,
editDist_S-q_10,,,,,,,,,,,,,,,,,,,,,,,,0.6666666666666667,,,,,,,,,,,,,,,,,,,,,,,,,,,1.0,,,,,,,,,,,,,,,,,,,,,,,,,,,1.0,,,,,,,,,,,,,,,,,,,,,,,,,,,1.0,,,,,,,,,,,,,,,,,,,,,,,,,,,1.0,,,
time_S-q_10,,,,,,,,,,,,,,,,,,,,,,,,43499.0,,,,,,,,,,,,,,,,,,,,,,,,,,,32808.0,,,,,,,,,,,,,,,,,,,,,,,,,,,15340.0,,,,,,,,,,,,,,,,,,,,,,,,,,,21074.0,,,,,,,,,,,,,,,,,,,,,,,,,,,7494.0,,,
hoverCount_S-q_10,,,,,,,,,,,,,,,,,,,,,,,,2.0,,,,,,,,,,,,,,,,,,,,,,,,,,,3.0,,,,,,,,,,,,,,,,,,,,,,,,,,,8.0,,,,,,,,,,,,,,,,,,,,,,,,,,,18.0,,,,,,,,,,,,,,,,,,,,,,,,,,,6.0,,,
panCount_S-q_10,,,,,,,,,,,,,,,,,,,,,,,,0.0,,,,,,,,,,,,,,,,,,,,,,,,,,,0.0,,,,,,,,,,,,,,,,,,,,,,,,,,,0.0,,,,,,,,,,,,,,,,,,,,,,,,,,,0.0,,,,,,,,,,,,,,,,,,,,,,,,,,,0.0,,,
zoomCount_S-q_10,,,,,,,,,,,,,,,,,,,,,,,,0.0,,,,,,,,,,,,,,,,,,,,,,,,,,,0.0,,,,,,,,,,,,,,,,,,,,,,,,,,,0.0,,,,,,,,,,,,,,,,,,,,,,,,,,,0.0,,,,,,,,,,,,,,,,,,,,,,,,,,,10.0,,,
dblclickCount_S-q_10,,,,,,,,,,,,,,,,,,,,,,,,0.0,,,,,,,,,,,,,,,,,,,,,,,,,,,0.0,,,,,,,,,,,,,,,,,,,,,,,,,,,0.0,,,,,,,,,,,,,,,,,,,,,,,,,,,0.0,,,,,,,,,,,,,,,,,,,,,,,,,,,0.0,,,
resetCount_S-q_10,,,,,,,,,,,,,,,,,,,,,,,,0.0,,,,,,,,,,,,,,,,,,,,,,,,,,,0.0,,,,,,,,,,,,,,,,,,,,,,,,,,,0.0,,,,,,,,,,,,,,,,,,,,,,,,,,,0.0,,,,,,,,,,,,,,,,,,,,,,,,,,,0.0,,,
graph_S-q_12,,,,,,,,,,,,,,,,,,,,,,,,,s_group_1,,,,,,,,,,,,,,,,,,,,,,,,,,,s_group_1,,,,,,,,,,,,,,,,,,,,,,,,,,,s_group_1,,,,,,,,,,,,,,,,,,,,,,,,,,,s_group_1,,,,,,,,,,,,,,,,,,,,,,,,,,,s_group_1,,
type_S-q_12,,,,,,,,,,,,,,,,,,,,,,,,,T4,,,,,,,,,,,,,,,,,,,,,,,,,,,T4,,,,,,,,,,,,,,,,,,,,,,,,,,,T4,,,,,,,,,,,,,,,,,,,,,,,,,,,T4,,,,,,,,,,,,,,,,,,,,,,,,,,,T4,,
S-q_12,,,,,,,,,,,,,,,,,,,,,,,,,option-3,,,,,,,,,,,,,,,,,,,,,,,,,,,option-4,,,,,,,,,,,,,,,,,,,,,,,,,,,option-1,,,,,,,,,,,,,,,,,,,,,,,,,,,option-3,,,,,,,,,,,,,,,,,,,,,,,,,,,option-2,,
correct_S-q_12,,,,,,,,,,,,,,,,,,,,,,,,,0.0,,,,,,,,,,,,,,,,,,,,,,,,,,,0.0,,,,,,,,,,,,,,,,,,,,,,,,,,,1.0,,,,,,,,,,,,,,,,,,,,,,,,,,,0.0,,,,,,,,,,,,,,,,,,,,,,,,,,,1.0,,
trueAnswer_S-q_12,,,,,,,,,,,,,,,,,,,,,,,,,option-2,,,,,,,,,,,,,,,,,,,,,,,,,,,option-2,,,,,,,,,,,,,,,,,,,,,,,,,,,option-1,,,,,,,,,,,,,,,,,,,,,,,,,,,option-2,,,,,,,,,,,,,,,,,,,,,,,,,,,option-2,,
editDist_S-q_12,,,,,,,,,,,,,,,,,,,,,,,,,0.6666666666666667,,,,,,,,,,,,,,,,,,,,,,,,,,,0.33333333333333337,,,,,,,,,,,,,,,,,,,,,,,,,,,1.0,,,,,,,,,,,,,,,,,,,,,,,,,,,0.6666666666666667,,,,,,,,,,,,,,,,,,,,,,,,,,,1.0,,
time_S-q_12,,,,,,,,,,,,,,,,,,,,,,,,,11801.0,,,,,,,,,,,,,,,,,,,,,,,,,,,11704.0,,,,,,,,,,,,,,,,,,,,,,,,,,,15531.0,,,,,,,,,,,,,,,,,,,,,,,,,,,45381.0,,,,,,,,,,,,,,,,,,,,,,,,,,,14428.0,,
hoverCount_S-q_12,,,,,,,,,,,,,,,,,,,,,,,,,26.0,,,,,,,,,,,,,,,,,,,,,,,,,,,15.0,,,,,,,,,,,,,,,,,,,,,,,,,,,9.0,,,,,,,,,,,,,,,,,,,,,,,,,,,47.0,,,,,,,,,,,,,,,,,,,,,,,,,,,28.0,,
panCount_S-q_12,,,,,,,,,,,,,,,,,,,,,,,,,0.0,,,,,,,,,,,,,,,,,,,,,,,,,,,0.0,,,,,,,,,,,,,,,,,,,,,,,,,,,2.0,,,,,,,,,,,,,,,,,,,,,,,,,,,0.0,,,,,,,,,,,,,,,,,,,,,,,,,,,0.0,,
zoomCount_S-q_12,,,,,,,,,,,,,,,,,,,,,,,,,0.0,,,,,,,,,,,,,,,,,,,,,,,,,,,29.0,,,,,,,,,,,,,,,,,,,,,,,,,,,0.0,,,,,,,,,,,,,,,,,,,,,,,,,,,0.0,,,,,,,,,,,,,,,,,,,,,,,,,,,0.0,,
dblclickCount_S-q_12,,,,,,,,,,,,,,,,,,,,,,,,,0.0,,,,,,,,,,,,,,,,,,,,,,,,,,,0.0,,,,,,,,,,,,,,,,,,,,,,,,,,,1.0,,,,,,,,,,,,,,,,,,,,,,,,,,,0.0,,,,,,,,,,,,,,,,,,,,,,,,,,,0.0,,
resetCount_S-q_12,,,,,,,,,,,,,,,,,,,,,,,,,0.0,,,,,,,,,,,,,,,,,,,,,,,,,,,0.0,,,,,,,,,,,,,,,,,,,,,,,,,,,0.0,,,,,,,,,,,,,,,,,,,,,,,,,,,0.0,,,,,,,,,,,,,,,,,,,,,,,,,,,0.0,,
graph_S-q_14,,,,,,,,,,,,,,,,,,,,,,,,,,s_group_2,,,,,,,,,,,,,,,,,,,,,,,,,,,s_group_2,,,,,,,,,,,,,,,,,,,,,,,,,,,s_group_2,,,,,,,,,,,,,,,,,,,,,,,,,,,s_group_2,,,,,,,,,,,,,,,,,,,,,,,,,,,s_group_2,
type_S-q_14,,,,,,,,,,,,,,,,,,,,,,,,,,T4,,,,,,,,,,,,,,,,,,,,,,,,,,,T4,,,,,,,,,,,,,,,,,,,,,,,,,,,T4,,,,,,,,,,,,,,,,,,,,,,,,,,,T4,,,,,,,,,,,,,,,,,,,,,,,,,,,T4,
S-q_14,,,,,,,,,,,,,,,,,,,,,,,,,,option-3,,,,,,,,,,,,,,,,,,,,,,,,,,,option-3,,,,,,,,,,,,,,,,,,,,,,,,,,,option-3,,,,,,,,,,,,,,,,,,,,,,,,,,,option-4,,,,,,,,,,,,,,,,,,,,,,,,,,,option-2,
correct_S-q_14,,,,,,,,,,,,,,,,,,,,,,,,,,1.0,,,,,,,,,,,,,,,,,,,,,,,,,,,1.0,,,,,,,,,,,,,,,,,,,,,,,,,,,0.0,,,,,,,,,,,,,,,,,,,,,,,,,,,0.0,,,,,,,,,,,,,,,,,,,,,,,,,,,0.0,
trueAnswer_S-q_14,,,,,,,,,,,,,,,,,,,,,,,,,,option-3,,,,,,,,,,,,,,,,,,,,,,,,,,,option-3,,,,,,,,,,,,,,,,,,,,,,,,,,,option-1,,,,,,,,,,,,,,,,,,,,,,,,,,,option-3,,,,,,,,,,,,,,,,,,,,,,,,,,,option-3,
editDist_S-q_14,,,,,,,,,,,,,,,,,,,,,,,,,,1.0,,,,,,,,,,,,,,,,,,,,,,,,,,,1.0,,,,,,,,,,,,,,,,,,,,,,,,,,,0.33333333333333337,,,,,,,,,,,,,,,,,,,,,,,,,,,0.6666666666666667,,,,,,,,,,,,,,,,,,,,,,,,,,,0.6666666666666667,
time_S-q_14,,,,,,,,,,,,,,,,,,,,,,,,,,11745.0,,,,,,,,,,,,,,,,,,,,,,,,,,,26358.0,,,,,,,,,,,,,,,,,,,,,,,,,,,16169.0,,,,,,,,,,,,,,,,,,,,,,,,,,,59611.0,,,,,,,,,,,,,,,,,,,,,,,,,,,13114.0,
hoverCount_S-q_14,,,,,,,,,,,,,,,,,,,,,,,,,,13.0,,,,,,,,,,,,,,,,,,,,,,,,,,,17.0,,,,,,,,,,,,,,,,,,,,,,,,,,,18.0,,,,,,,,,,,,,,,,,,,,,,,,,,,23.0,,,,,,,,,,,,,,,,,,,,,,,,,,,19.0,
panCount_S-q_14,,,,,,,,,,,,,,,,,,,,,,,,,,0.0,,,,,,,,,,,,,,,,,,,,,,,,,,,0.0,,,,,,,,,,,,,,,,,,,,,,,,,,,0.0,,,,,,,,,,,,,,,,,,,,,,,,,,,0.0,,,,,,,,,,,,,,,,,,,,,,,,,,,0.0,
zoomCount_S-q_14,,,,,,,,,,,,,,,,,,,,,,,,,,0.0,,,,,,,,,,,,,,,,,,,,,,,,,,,9.0,,,,,,,,,,,,,,,,,,,,,,,,,,,0.0,,,,,,,,,,,,,,,,,,,,,,,,,,,0.0,,,,,,,,,,,,,,,,,,,,,,,,,,,20.0,
dblclickCount_S-q_14,,,,,,,,,,,,,,,,,,,,,,,,,,0.0,,,,,,,,,,,,,,,,,,,,,,,,,,,0.0,,,,,,,,,,,,,,,,,,,,,,,,,,,0.0,,,,,,,,,,,,,,,,,,,,,,,,,,,0.0,,,,,,,,,,,,,,,,,,,,,,,,,,,0.0,
resetCount_S-q_14,,,,,,,,,,,,,,,,,,,,,,,,,,0.0,,,,,,,,,,,,,,,,,,,,,,,,,,,0.0,,,,,,,,,,,,,,,,,,,,,,,,,,,0.0,,,,,,,,,,,,,,,,,,,,,,,,,,,0.0,,,,,,,,,,,,,,,,,,,,,,,,,,,0.0,
graph_S-q_17,,,,,,,,,,,,,,,,,,,,,,,,,,,e_group_1,,,,,,,,,,,,,,,,,,,,,,,,,,,e_group_1,,,,,,,,,,,,,,,,,,,,,,,,,,,e_group_1,,,,,,,,,,,,,,,,,,,,,,,,,,,e_group_1,,,,,,,,,,,,,,,,,,,,,,,,,,,e_group_1
type_S-q_17,,,,,,,,,,,,,,,,,,,,,,,,,,,T4,,,,,,,,,,,,,,,,,,,,,,,,,,,T4,,,,,,,,,,,,,,,,,,,,,,,,,,,T4,,,,,,,,,,,,,,,,,,,,,,,,,,,T4,,,,,,,,,,,,,,,,,,,,,,,,,,,T4
S-q_17,,,,,,,,,,,,,,,,,,,,,,,,,,,option-2,,,,,,,,,,,,,,,,,,,,,,,,,,,option-1,,,,,,,,,,,,,,,,,,,,,,,,,,,option-2,,,,,,,,,,,,,,,,,,,,,,,,,,,option-1,,,,,,,,,,,,,,,,,,,,,,,,,,,option-2
correct_S-q_17,,,,,,,,,,,,,,,,,,,,,,,,,,,0.0,,,,,,,,,,,,,,,,,,,,,,,,,,,0.0,,,,,,,,,,,,,,,,,,,,,,,,,,,1.0,,,,,,,,,,,,,,,,,,,,,,,,,,,0.0,,,,,,,,,,,,,,,,,,,,,,,,,,,0.0
trueAnswer_S-q_17,,,,,,,,,,,,,,,,,,,,,,,,,,,option-3,,,,,,,,,,,,,,,,,,,,,,,,,,,option-3,,,,,,,,,,,,,,,,,,,,,,,,,,,option-2,,,,,,,,,,,,,,,,,,,,,,,,,,,option-3,,,,,,,,,,,,,,,,,,,,,,,,,,,option-3
editDist_S-q_17,,,,,,,,,,,,,,,,,,,,,,,,,,,0.6666666666666667,,,,,,,,,,,,,,,,,,,,,,,,,,,0.33333333333333337,,,,,,,,,,,,,,,,,,,,,,,,,,,1.0,,,,,,,,,,,,,,,,,,,,,,,,,,,0.33333333333333337,,,,,,,,,,,,,,,,,,,,,,,,,,,0.6666666666666667
time_S-q_17,,,,,,,,,,,,,,,,,,,,,,,,,,,9258.0,,,,,,,,,,,,,,,,,,,,,,,,,,,57443.0,,,,,,,,,,,,,,,,,,,,,,,,,,,9282.0,,,,,,,,,,,,,,,,,,,,,,,,,,,60770.0,,,,,,,,,,,,,,,,,,,,,,,,,,,6593.0
hoverCount_S-q_17,,,,,,,,,,,,,,,,,,,,,,,,,,,14.0,,,,,,,,,,,,,,,,,,,,,,,,,,,36.0,,,,,,,,,,,,,,,,,,,,,,,,,,,1.0,,,,,,,,,,,,,,,,,,,,,,,,,,,66.0,,,,,,,,,,,,,,,,,,,,,,,,,,,18.0
panCount_S-q_17,,,,,,,,,,,,,,,,,,,,,,,,,,,2.0,,,,,,,,,,,,,,,,,,,,,,,,,,,0.0,,,,,,,,,,,,,,,,,,,,,,,,,,,0.0,,,,,,,,,,,,,,,,,,,,,,,,,,,0.0,,,,,,,,,,,,,,,,,,,,,,,,,,,0.0
zoomCount_S-q_17,,,,,,,,,,,,,,,,,,,,,,,,,,,0.0,,,,,,,,,,,,,,,,,,,,,,,,,,,9.0,,,,,,,,,,,,,,,,,,,,,,,,,,,0.0,,,,,,,,,,,,,,,,,,,,,,,,,,,0.0,,,,,,,,,,,,,,,,,,,,,,,,,,,10.0
dblclickCount_S-q_17,,,,,,,,,,,,,,,,,,,,,,,,,,,1.0,,,,,,,,,,,,,,,,,,,,,,,,,,,0.0,,,,,,,,,,,,,,,,,,,,,,,,,,,0.0,,,,,,,,,,,,,,,,,,,,,,,,,,,0.0,,,,,,,,,,,,,,,,,,,,,,,,,,,0.0
resetCount_S-q_17,,,,,,,,,,,,,,,,,,,,,,,,,,,0.0,,,,,,,,,,,,,,,,,,,,,,,,,,,0.0,,,,,,,,,,,,,,,,,,,,,,,,,,,0.0,,,,,,,,,,,,,,,,,,,,,,,,,,,0.0,,,,,,,,,,,,,,,,,,,,,,,,,,,0.0
